{"loss": 1.6590908765792847, "_timestamp": 1712309249.1686718, "_runtime": 1215.5842547416687, "_step": 18383, "train acc": 51.940548058712125, "test acc": 48.621808387046805, "max test acc": 48.621808387046805, "_wandb": {"runtime": 1213}}