{"loss": 1.4926165342330933, "_timestamp": 1700744074.742005, "_runtime": 2777.1273272037506, "_step": 13999, "train acc": 67.82423148169859, "test acc": 68.29423531551191, "test total acc": 68.56839121190644, "_wandb": {"runtime": 2776}}