{"loss": 1.520438313484192, "_timestamp": 1699620494.8734624, "_runtime": 1875.92347240448, "_step": 2599, "train acc": 64.52862025699822, "test acc": 65.05464245761982, "_wandb": {"runtime": 1874}}