{"loss": 1.8196274042129517, "_timestamp": 1709038520.4027336, "_runtime": 41.68576765060425, "_step": 73, "train acc": 49.96338784476446, "test acc": 50.214961306964746, "test total acc": 50.214961306964746, "_wandb": {"runtime": 41}}