{"loss": 1.494030475616455, "loss_reg": 0.8120806217193604, "_timestamp": 1715598718.7258995, "_runtime": 124.67504048347473, "_step": 10, "_wandb": {"runtime": 124}}