{"loss": 1.5129517316818237, "_timestamp": 1700226807.491743, "_runtime": 540.5996191501617, "_step": 3899, "train acc": 64.96845459830753, "test acc": 65.4504775836847, "_wandb": {"runtime": 539}}