{"loss": 1.4954121112823486, "_timestamp": 1699623484.3778427, "_runtime": 2468.558349609375, "_step": 2799, "train acc": 65.36690205710777, "test acc": 64.14114081610563, "test total acc": 68.63681497943165, "_wandb": {"runtime": 2467}}