{"loss": 1.6917906999588013, "_timestamp": 1708858746.9924827, "_runtime": 185.4123797416687, "_step": 1957, "train acc": 46.81511891080929, "test acc": 46.89149122643445, "test total acc": 54.245751616786954, "_wandb": {"runtime": 184}}