{"loss": 1.6634342670440674, "_timestamp": 1711531646.3360767, "_runtime": 910.856990814209, "_step": 11499, "train acc": 48.86047732573652, "test acc": 48.621808387046805, "_wandb": {"runtime": 910}}