{"loss": 1.6412451267242432, "_timestamp": 1712155747.7857265, "_runtime": 231.79836559295654, "_step": 3363, "train acc": 52.94718784568584, "test acc": 52.67333889830727, "max test acc": 52.75165012951473, "_wandb": {"runtime": 230}}