{"loss": 1.5131521224975586, "_timestamp": 1698933573.8820074, "_runtime": 200.8856863975525, "_step": 2599, "test acc": 60.953058321479375, "epoch": 199, "_wandb": {"runtime": 199}}