{"loss": 1.699112057685852, "_timestamp": 1699616573.5318658, "_runtime": 176.23545789718628, "_step": 248, "train acc": 48.70383522727273, "test acc": 48.79958695465106, "_wandb": {"runtime": 174}}