{"test acc": 0.0, "_timestamp": 1698924691.675403, "_runtime": 187.03707814216614, "_step": 493, "epoch": 46, "_wandb": {"runtime": 185}}