{"loss": 1.6627012491226196, "_timestamp": 1708773330.0158627, "_runtime": 734.1841607093811, "_step": 3899, "train acc": 48.71493252840909, "test acc": 48.79958695465106, "_wandb": {"runtime": 733}}