{"loss": 0.5270022749900818, "_timestamp": 1715531266.7201955, "_runtime": 73.94733047485352, "_step": 5370, "test acc": 0.7606415748596191, "max acc": 0.7606415748596191, "_wandb": {"runtime": 73}}