{"loss": 1.5734210014343262, "_timestamp": 1699018289.6184247, "_runtime": 288.5679626464844, "_step": 2237, "train acc": 59.702112508901024, "test acc": 59.95397008055236, "test total acc": 48.55866031527771, "_wandb": {"runtime": 287}}