{"loss": 1.521198034286499, "_timestamp": 1699622745.2581744, "_runtime": 1930.0200924873352, "_step": 2599, "train acc": 64.49546412141537, "test acc": 64.5813613286292, "_wandb": {"runtime": 1928}}