{"loss": 1.6890541315078735, "_timestamp": 1709036341.089953, "_runtime": 312.0464918613434, "_step": 3246, "train acc": 48.47714408961974, "test acc": 48.28935948620031, "test total acc": 49.83018962158923, "_wandb": {"runtime": 312}}