{"loss": 0.42536595463752747, "_timestamp": 1715544544.6258082, "_runtime": 247.32053327560425, "_step": 3699, "test acc": 0.7094399929046631, "max acc": 0.7094399929046631, "_wandb": {"runtime": 312}}