{"loss": 1360.7938232421875, "loss_reg": 0.7976361513137817, "_timestamp": 1707903376.499083, "_runtime": 13.627515077590942, "_step": 6, "_wandb": {"runtime": 11}}