{"loss": 0.7881410121917725, "loss_reg": 0.1080676019191742, "_timestamp": 1715525446.71304, "_runtime": 79.91222620010376, "_step": 74, "_wandb": {"runtime": 99}}