{"loss": 17.99785041809082, "loss_reg": 2.1731231212615967, "_timestamp": 1698661862.0366075, "_runtime": 1128.9951055049896, "_step": 589}