{"loss": 1.6915807723999023, "loss_reg": 0.03994012251496315, "_timestamp": 1698341741.8599677, "_runtime": 266.38146567344666, "_step": 235, "_wandb": {"runtime": 265}}