{"loss": 1.5087645053863525, "_timestamp": 1700736377.0957556, "_runtime": 563.7936525344849, "_step": 2799, "train acc": 65.63978108516382, "test acc": 66.0553101594008, "test total acc": 69.10682799294705, "_wandb": {"runtime": 562}}