{"loss": 0.609089732170105, "_timestamp": 1716131784.6331656, "_runtime": 941.2675716876984, "_step": 14999, "test acc": 0.6991599798202515, "max acc": 0.6995199918746948, "_wandb": {"runtime": 940}}