{"loss": 1.627665400505066, "_timestamp": 1711452286.8647141, "_runtime": 1591.4469032287598, "_step": 22997, "train acc": 53.10706754701327, "test acc": 52.84889374628882, "_wandb": {"runtime": 1592}}