{"loss": 1.6590393781661987, "_timestamp": 1700906813.8781722, "_runtime": 515.0233020782471, "_step": 12599, "train acc": 48.64990234375, "test acc": 48.79958695465106, "_wandb": {"runtime": 514}}