{"loss": 0.4278935492038727, "_timestamp": 1716128506.9449928, "_runtime": 139.81319189071655, "_step": 11714, "test acc": 0.7202000021934509, "max acc": 0.7402399778366089, "_wandb": {"runtime": 196}}