{"loss": 0.5180267691612244, "_timestamp": 1715532967.4442654, "_runtime": 115.97885227203369, "_step": 7242, "test acc": 0.7606415748596191, "max acc": 0.7606415748596191, "_wandb": {"runtime": 115}}