{"loss": 0.5544431209564209, "_timestamp": 1715545637.7456164, "_runtime": 226.9220905303955, "_step": 1199, "test acc": 0.6737200021743774, "max acc": 0.686020016670227, "_wandb": {"runtime": 240}}