{"loss": 1.675688624382019, "_timestamp": 1700906140.8775122, "_runtime": 170.07572412490845, "_step": 4054, "train acc": 48.54736328125, "test acc": 48.79958695465106, "_wandb": {"runtime": 169}}