{"loss": 1.5195488929748535, "loss_reg": 0.023055952042341232, "_timestamp": 1698388964.7399104, "_runtime": 936.9375042915344, "_step": 589, "_wandb": {"runtime": 1385}}