{"loss": 1.6688200235366821, "_timestamp": 1707811092.2280972, "_runtime": 14.527690172195435, "_step": 228, "train acc": 48.359792906399704, "test acc": 48.79958695465106, "_wandb": {"runtime": 13}}