{"loss": 1.5226855278015137, "_timestamp": 1712399171.9296174, "_runtime": 594.5520644187927, "_step": 9399, "train acc": 64.07859718406593, "test acc": 65.23325559581077, "max test acc": 65.66353708596164, "_wandb": {"runtime": 593}}