{"loss": 1.5194681882858276, "_timestamp": 1698926296.6954436, "_runtime": 943.7505526542664, "_step": 12999, "test acc": 66.30772646536413, "epoch": 199, "_wandb": {"runtime": 942}}