{"loss": 0.5773788094520569, "_timestamp": 1716059668.8787088, "_runtime": 171.9954798221588, "_step": 18787, "test acc": 0.7606415748596191, "max acc": 0.7606415748596191, "_wandb": {"runtime": 171}}