{"loss": 1.5440596342086792, "_timestamp": 1700919795.4079282, "_runtime": 518.6761503219604, "_step": 11699, "train acc": 64.85958614864865, "test acc": 63.04965149298683, "_wandb": {"runtime": 517}}