{"loss": 1.9409338235855103, "loss_reg": 1.2391328811645508, "_timestamp": 1715519686.4808118, "_runtime": 83.69743490219116, "_step": 74, "_wandb": {"runtime": 426}}