{"loss": 1.4799498319625854, "_timestamp": 1700743736.189279, "_runtime": 3085.4996399879456, "_step": 13999, "train acc": 68.2300428414418, "test acc": 67.89006783788484, "test total acc": 67.32705960046228, "_wandb": {"runtime": 3084}}