{"loss": 0.5550571084022522, "_timestamp": 1716137424.624674, "_runtime": 100.67367601394653, "_step": 2597, "test acc": 0.7606415748596191, "max acc": 0.7606415748596191, "_wandb": {"runtime": 100}}