{"loss": 0.5832123756408691, "_timestamp": 1715971587.6910257, "_runtime": 338.77298283576965, "_step": 12979, "test acc": 0.6932799816131592, "max acc": 0.6933599710464478, "_wandb": {"runtime": 338}}