{"loss": 0.5075078010559082, "_timestamp": 1716144687.5089934, "_runtime": 3457.2046723365784, "_step": 76999, "test acc": 0.7607443928718567, "max acc": 0.7607443928718567, "_wandb": {"runtime": 3456}}