{"loss": 2.488469123840332, "loss_reg": 0.5462496280670166, "_timestamp": 1700852610.8820112, "_runtime": 230.57326006889343, "_step": 183, "_wandb": {"runtime": 229}}