{"loss": 1.5102721452713013, "_timestamp": 1699183433.2142377, "_runtime": 1155.2735407352448, "_step": 5599, "train acc": 67.69084573962623, "test acc": 67.83051144837266, "test total acc": 66.65067945643486, "_wandb": {"runtime": 1154}}