{"loss": 55.28909683227539, "loss_reg": 53.352298736572266, "_timestamp": 1698742204.460567, "_runtime": 58.991962909698486, "_step": 31, "_wandb": {"runtime": 59}}