{"loss": 0.0016964212991297245, "loss_reg": NaN, "_timestamp": 1699176562.0611675, "_runtime": 56.61367750167847, "_step": 57, "_wandb": {"runtime": 56}}