{"loss": 1589.1473388671875, "loss_reg": 0.7996053695678711, "_timestamp": 1707903440.1490955, "_runtime": 10.636698484420776, "_step": 6, "_wandb": {"runtime": 69}}