{"loss": 0.5345374941825867, "_timestamp": 1715533972.6720605, "_runtime": 113.75207448005676, "_step": 11530, "test acc": 0.7606415748596191, "max acc": 0.7606415748596191, "_wandb": {"runtime": 113}}