{"loss": 1.9470752477645874, "_timestamp": 1700990958.4068606, "_runtime": 3.3369545936584473, "_step": 2, "_wandb": {"runtime": 2}}