{"loss": 0.5540814399719238, "_timestamp": 1716140961.5815554, "_runtime": 3503.774591445923, "_step": 51358, "test acc": 0.7606415748596191, "max acc": 0.7606415748596191, "_wandb": {"runtime": 3503}}