{"loss": 1.5034270286560059, "_timestamp": 1712400694.062025, "_runtime": 429.89921617507935, "_step": 6999, "train acc": 65.67528568097015, "test acc": 64.97422613873997, "max test acc": 65.43204564426047, "_wandb": {"runtime": 429}}