{"loss": 13.04297161102295, "loss_reg": 11.157596588134766, "_timestamp": 1698659969.1218562, "_runtime": 109.07683515548706, "_step": 53, "_wandb": {"runtime": 107}}