{"loss": 0.4432964622974396, "_timestamp": 1715532287.029391, "_runtime": 229.44895601272583, "_step": 23099, "test acc": 0.8169854283332825, "max acc": 0.8238741755485535, "_wandb": {"runtime": 228}}