{"loss": 1.4657742977142334, "_timestamp": 1698994165.647466, "_runtime": 754.8712899684906, "_step": 7799, "test acc": 67.777970211292, "epoch": 599, "_wandb": {"runtime": 753}}