{"loss": 1.702021837234497, "loss_reg": 0.14777527749538422, "_timestamp": 1712253093.2362325, "_runtime": 613.7333896160126, "_step": 905, "_wandb": {"runtime": 639}}