{"loss": 0.37293514609336853, "_timestamp": 1715525754.3390589, "_runtime": 66.45048880577087, "_step": 769, "test acc": 0.8289121985435486, "_wandb": {"runtime": 65}}