{"loss": 0.6644467115402222, "_timestamp": 1716131800.7556603, "_runtime": 965.0482091903687, "_step": 14999, "test acc": 0.7022799849510193, "max acc": 0.7028399705886841, "_wandb": {"runtime": 964}}