{"loss": 2.219334363937378, "loss_reg": 0.5404694676399231, "_timestamp": 1700856072.637519, "_runtime": 58.60021996498108, "_step": 44, "_wandb": {"runtime": 366}}