{"loss": 0.6365278959274292, "_timestamp": 1715970364.5004206, "_runtime": 313.94468545913696, "_step": 11499, "test acc": 0.661300003528595, "max acc": 0.661300003528595, "_wandb": {"runtime": 313}}