{"test acc": 10.0, "_timestamp": 1698924441.6559098, "_runtime": 77.5659077167511, "_step": 211, "epoch": 105, "_wandb": {"runtime": 76}}