{"loss": NaN, "loss_reg": NaN, "_timestamp": 1712054858.6133976, "_runtime": 629.3121075630188, "_step": 451, "_wandb": {"runtime": 1062}}