{"loss": 1.5264050960540771, "_timestamp": 1698998834.8531034, "_runtime": 507.6212434768677, "_step": 7799, "test acc": 65.40851553509782, "epoch": 599, "_wandb": {"runtime": 506}}