{"loss": 1.6754494905471802, "_timestamp": 1712400236.480348, "_runtime": 302.577260017395, "_step": 4756, "train acc": 49.39802938432836, "test acc": 48.621808387046805, "max test acc": 48.621808387046805, "_wandb": {"runtime": 302}}