{"loss": 1.6749149560928345, "_timestamp": 1708691386.4412656, "_runtime": 970.6009576320648, "_step": 55963, "train acc": 48.79126138245033, "test acc": 48.621808387046805, "_wandb": {"runtime": 971}}