{"loss": 1.758043646812439, "loss_reg": 0.10868987441062927, "_timestamp": 1712313675.7865171, "_runtime": 1002.0411710739136, "_step": 3629, "_wandb": {"runtime": 1700}}