{"loss": 0.6297284960746765, "_timestamp": 1715548147.3926287, "_runtime": 243.34517669677734, "_step": 4999, "test acc": 0.661300003528595, "max acc": 0.661300003528595, "_wandb": {"runtime": 242}}