{"loss": 3.8248822689056396, "loss_reg": 1.190321683883667, "_timestamp": 1715081238.2404373, "_runtime": 57.157358169555664, "_step": 248, "_wandb": {"runtime": 73}}