{"loss": 1.457203984260559, "_timestamp": 1698917975.4117384, "_runtime": 88.23879337310791, "_step": 3679, "_wandb": {"runtime": 92}}