{"loss": 0.3923218548297882, "_timestamp": 1715529305.4893246, "_runtime": 80.56573867797852, "_step": 7799, "test acc": 0.8298375606536865, "max acc": 0.8306601047515869, "_wandb": {"runtime": 133}}