{"loss": 1.513822078704834, "_timestamp": 1699182119.1349235, "_runtime": 286.9514844417572, "_step": 1399, "train acc": 66.51658446083533, "test acc": 66.71637862970437, "test total acc": 65.61950439648281, "_wandb": {"runtime": 285}}