{"loss": 1.6769465208053589, "_timestamp": 1711532357.915247, "_runtime": 1286.8276839256287, "_step": 11499, "train acc": 48.70345666123173, "test acc": 48.621808387046805, "_wandb": {"runtime": 1286}}