{"loss": 1.499906301498413, "_timestamp": 1712256370.2781215, "_runtime": 101.25518441200256, "_step": 1388, "train acc": 66.28655627765487, "test acc": 66.24355653468498, "max test acc": 66.24355653468498, "_wandb": {"runtime": 102}}