{"loss": 1.4997010231018066, "_timestamp": 1700935974.5768127, "_runtime": 1714.1172206401825, "_step": 38999, "train acc": 67.78663429054055, "test acc": 67.37802254539196, "_wandb": {"runtime": 1713}}