{"loss": NaN, "loss_reg": NaN, "_timestamp": 1698346822.1446867, "_runtime": 21.720590591430664, "_step": 11, "_wandb": {"runtime": 21}}