{"loss": 0.5481816530227661, "_timestamp": 1707922377.5302713, "_runtime": 455.9189794063568, "_step": 1199, "train acc": 75.30000305175781, "test acc": 80.35000610351562, "_wandb": {"runtime": 455}}