{"loss": 1.4977720975875854, "_timestamp": 1712580203.2732322, "_runtime": 823.046195268631, "_step": 11399, "train acc": 67.09380278716216, "test acc": 67.35884615715601, "max test acc": 67.48534891526036, "_wandb": {"runtime": 822}}