{"loss": 1.509840965270996, "_timestamp": 1700745318.0616307, "_runtime": 574.152943611145, "_step": 3899, "train acc": 65.00850614811465, "test acc": 65.35582135788658, "_wandb": {"runtime": 573}}