{"loss": 1.6873444318771362, "_timestamp": 1711454026.9137182, "_runtime": 94.97358012199402, "_step": 1149, "train acc": 48.8234154740127, "test acc": 48.621808387046805, "_wandb": {"runtime": 94}}