{"loss": 1.9508954286575317, "loss_reg": 0.0402362197637558, "_timestamp": 1698349310.6803873, "_runtime": 93.76876831054688, "_step": 58, "_wandb": {"runtime": 92}}