{"loss": 1.503720998764038, "_timestamp": 1711452395.139008, "_runtime": 934.0511951446533, "_step": 11499, "train acc": 65.48872810570718, "test acc": 65.50175124566492, "_wandb": {"runtime": 933}}