{"loss": 1.4495220184326172, "_timestamp": 1698923118.109439, "_runtime": 284.6664168834686, "_step": 2599, "test acc": 70.64426740561136, "epoch": 199, "_wandb": {"runtime": 284}}