{"loss": 1.518935203552246, "_timestamp": 1712579290.8283823, "_runtime": 480.3018033504486, "_step": 6999, "train acc": 65.99631238339552, "test acc": 64.84600225467501, "max test acc": 64.98541345748389, "_wandb": {"runtime": 479}}