{"loss": 1.704971432685852, "_timestamp": 1700918618.3354847, "_runtime": 113.80346775054932, "_step": 537, "train acc": 46.728515625, "test acc": 48.79958695465106, "_wandb": {"runtime": 118}}