{"loss": 2.108489751815796, "loss_reg": 0.2507960796356201, "_timestamp": 1698387963.2533388, "_runtime": 96.38391590118408, "_step": 58, "_wandb": {"runtime": 130}}