{"loss": 0.5193585753440857, "_timestamp": 1715531379.9556992, "_runtime": 92.7781491279602, "_step": 7699, "test acc": 0.7606415748596191, "max acc": 0.7606415748596191, "_wandb": {"runtime": 92}}