{"loss": 792.7835083007812, "loss_reg": 1.2183339595794678, "_timestamp": 1707918137.792331, "_runtime": 55.46464991569519, "_step": 308, "_wandb": {"runtime": 173}}