{"loss": 651.3135986328125, "loss_reg": 0.7218849658966064, "_timestamp": 1715859566.8278606, "_runtime": 161.60796761512756, "_step": 99, "_wandb": {"runtime": 258}}