{"loss": 1.4354677200317383, "_timestamp": 1699007808.2029119, "_runtime": 1518.7898907661438, "_step": 8399, "train acc": 73.15103793843952, "test acc": 73.03507992895204, "test total acc": 62.19081272084806, "_wandb": {"runtime": 1517}}