{"loss": NaN, "loss_reg": NaN, "_timestamp": 1698341131.638062, "_runtime": 269.3797678947449, "_step": 235, "_wandb": {"runtime": 268}}