{"loss": 0.3531252145767212, "_timestamp": 1715794258.2705252, "_runtime": 38.192511320114136, "_step": 6599, "test acc": 0.786345899105072, "max acc": 0.7902529239654541, "_wandb": {"runtime": 90}}