{"loss": 2.1536366939544678, "loss_reg": 0.49137628078460693, "_timestamp": 1699180156.75429, "_runtime": 203.24942421913147, "_step": 172, "_wandb": {"runtime": 328}}