{"loss": 0.4178117513656616, "_timestamp": 1716128499.626175, "_runtime": 141.49600100517273, "_step": 11474, "test acc": 0.8232200145721436, "max acc": 0.8245800137519836, "_wandb": {"runtime": 237}}