{"loss": 1.5771026611328125, "loss_reg": 0.04087403416633606, "_timestamp": 1698343987.9803138, "_runtime": 262.5189938545227, "_step": 235, "_wandb": {"runtime": 261}}