{"loss": 0.3787459135055542, "_timestamp": 1715529032.5645802, "_runtime": 83.56098914146423, "_step": 7799, "test acc": 0.8300431966781616, "max acc": 0.831996738910675, "_wandb": {"runtime": 137}}