{"loss": 1.4877798557281494, "_timestamp": 1708777726.578374, "_runtime": 3034.6231849193573, "_step": 34799, "train acc": 67.2069569574975, "test acc": 67.24353071779558, "test total acc": 67.24353071779558, "_wandb": {"runtime": 3033}}