{"loss": 1.6644577980041504, "_timestamp": 1712311562.4505272, "_runtime": 131.3281111717224, "_step": 8740, "train acc": 51.940548058712125, "test acc": 48.621808387046805, "max test acc": 48.621808387046805, "_wandb": {"runtime": 130}}