{"loss": 0.5914067029953003, "_timestamp": 1715971311.9277256, "_runtime": 430.12823462486267, "_step": 15649, "test acc": 0.696399986743927, "max acc": 0.6972000002861023, "_wandb": {"runtime": 429}}