{"loss": 1.6164655685424805, "_timestamp": 1698931178.034685, "_runtime": 405.4666018486023, "_step": 5678, "test acc": 55.512082853855006, "epoch": 35, "_wandb": {"runtime": 404}}