{"loss": 1.496658205986023, "_timestamp": 1699618798.39425, "_runtime": 1758.1845908164978, "_step": 2599, "train acc": 66.57049005681819, "test acc": 66.9563720850185, "_wandb": {"runtime": 1756}}