{"loss": 0.40198880434036255, "_timestamp": 1716151301.649088, "_runtime": 4686.778684854507, "_step": 76999, "test acc": 0.7787374258041382, "max acc": 0.7787374258041382, "_wandb": {"runtime": 4685}}