{"loss": 0.5730265378952026, "_timestamp": 1716150024.3340695, "_runtime": 3409.4636664390564, "_step": 35715, "test acc": 0.7606415748596191, "max acc": 0.7606415748596191}