{"loss": 1.8336031436920166, "loss_reg": 0.04168277606368065, "_timestamp": 1698347148.3639307, "_runtime": 97.70838069915771, "_step": 58, "_wandb": {"runtime": 96}}