{"loss": 1.5315840244293213, "_timestamp": 1700905268.5950413, "_runtime": 813.6014742851257, "_step": 4199, "train acc": 63.09766670916741, "test acc": 63.42850080336176, "test total acc": 66.46334356424103, "_wandb": {"runtime": 812}}