{"loss": 0.3403407633304596, "_timestamp": 1715793195.633395, "_runtime": 65.39782285690308, "_step": 779, "test acc": 0.8293234705924988, "max acc": 0.8293234705924988, "_wandb": {"runtime": 123}}