{"loss": 1.4564710855484009, "_timestamp": 1708871263.9634166, "_runtime": 6942.37037062645, "_step": 69599, "train acc": 71.44830350801514, "test acc": 71.5231730602326, "test total acc": 72.03955582932392, "_wandb": {"runtime": 6941}}