{"loss": 1.360942006111145, "loss_reg": 0.7367734909057617, "_timestamp": 1715541482.3752494, "_runtime": 271.3982744216919, "_step": 47, "_wandb": {"runtime": 285}}