{"loss": 0.32940346002578735, "_timestamp": 1715527493.2052765, "_runtime": 76.46346259117126, "_step": 7699, "test acc": 0.830865740776062, "_wandb": {"runtime": 130}}