{"loss": 1.8558260202407837, "loss_reg": 0.1920364946126938, "_timestamp": 1699110004.4035614, "_runtime": 280.6570243835449, "_step": 172, "_wandb": {"runtime": 313}}