{"loss": 0.45752716064453125, "_timestamp": 1715794069.704536, "_runtime": 64.84923887252808, "_step": 15199, "test acc": 0.8266502022743225, "max acc": 0.8274727463722229, "_wandb": {"runtime": 122}}