{"loss": 0.0034854935013578737, "_timestamp": 1698415984.1606984, "_runtime": 41.17870235443115, "_step": 469, "_wandb": {"runtime": 40}}