{"loss": 1.450239658355713, "loss_reg": 0.7512360215187073, "_timestamp": 1715544691.0284362, "_runtime": 35.15105223655701, "_step": 2, "_wandb": {"runtime": 42}}