{"loss": NaN, "loss_reg": NaN, "_timestamp": 1699180592.1142228, "_runtime": 53.463695764541626, "_step": 24, "_wandb": {"runtime": 53}}