{"loss": 3.202058792114258, "loss_reg": 1.0813144445419312, "_timestamp": 1715078974.2887993, "_runtime": 56.77723217010498, "_step": 248, "_wandb": {"runtime": 215}}