{"loss": 0.45615988969802856, "_timestamp": 1715621480.4893618, "_runtime": 813.3126397132874, "_step": 11789, "test acc": 0.743340015411377, "max acc": 0.7439600229263306, "_wandb": {"runtime": 890}}