{"loss": 252.33428955078125, "loss_reg": 0.17911460995674133, "_timestamp": 1716048991.5829768, "_runtime": 308.69479489326477, "_step": 390, "_wandb": {"runtime": 308}}