{"loss": 1.639074444770813, "_timestamp": 1700941204.3698683, "_runtime": 507.95136523246765, "_step": 4689, "train acc": 52.884114583333336, "test acc": 48.79958695465106, "_wandb": {"runtime": 507}}