{"loss": 1.5095152854919434, "_timestamp": 1700754542.8271275, "_runtime": 2647.8086373806, "_step": 3899, "train acc": 64.85613434591934, "test acc": 65.09766801480079, "_wandb": {"runtime": 2646}}