{"loss": 1.6621520519256592, "_timestamp": 1700907922.8482969, "_runtime": 586.4647347927094, "_step": 13499, "train acc": 48.791787790697676, "test acc": 48.79958695465106, "_wandb": {"runtime": 585}}