{"loss": 0.6889972686767578, "_timestamp": 1707924589.7199175, "_runtime": 184.6373085975647, "_step": 385, "train acc": 53.10000228881836, "test acc": 49.25, "_wandb": {"runtime": 186}}