{"loss": 1.4958322048187256, "_timestamp": 1711454193.1874547, "_runtime": 2224.4832305908203, "_step": 34499, "train acc": 67.27759437223452, "test acc": 67.17382511639114, "_wandb": {"runtime": 2223}}