{"loss": 248.0283966064453, "loss_reg": 0.1663038283586502, "_timestamp": 1716049558.5485332, "_runtime": 423.1354911327362, "_step": 390, "_wandb": {"runtime": 423}}