{"loss": 108.29573059082031, "loss_reg": 106.3882827758789, "_timestamp": 1698741780.9503472, "_runtime": 37.81456518173218, "_step": 16, "_wandb": {"runtime": 38}}