{"loss": 0.3946877121925354, "_timestamp": 1716128525.205462, "_runtime": 162.19020009040833, "_step": 11527, "test acc": 0.8195000290870667, "max acc": 0.8220000267028809, "_wandb": {"runtime": 240}}