{"loss": 1.5587397813796997, "_timestamp": 1711458390.069464, "_runtime": 38.15695095062256, "_step": 409, "train acc": 61.0595703125, "test acc": 48.621808387046805, "_wandb": {"runtime": 37}}