{"loss": 0.5441899299621582, "_timestamp": 1715973174.465105, "_runtime": 146.8514051437378, "_step": 11298, "test acc": 0.7606415748596191, "max acc": 0.7606415748596191, "_wandb": {"runtime": 146}}