{"loss": 0.5035914182662964, "_timestamp": 1716146536.9075902, "_runtime": 5324.459289073944, "_step": 76999, "test acc": 0.7609500288963318, "max acc": 0.7612584829330444, "_wandb": {"runtime": 5323}}