{"loss": 1.4282608032226562, "_timestamp": 1699011590.1598973, "_runtime": 1521.523799419403, "_step": 8399, "train acc": 74.45996874712749, "test acc": 74.63245121625233, "test total acc": 72.57380772142317, "_wandb": {"runtime": 1520}}