{"loss": 1.4899013042449951, "_timestamp": 1698993287.33559, "_runtime": 503.5077679157257, "_step": 5199, "test acc": 66.49636300658122, "epoch": 399, "_wandb": {"runtime": 502}}