{"loss": 0.4248657822608948, "_timestamp": 1715787123.2878308, "_runtime": 137.57576894760132, "_step": 11999, "test acc": 0.8207399845123291, "max acc": 0.8207399845123291, "_wandb": {"runtime": 153}}