{"loss": 1.5695242881774902, "_timestamp": 1700730605.0192716, "_runtime": 148.49629163742065, "_step": 972, "train acc": 56.551458141378646, "test acc": 56.50116169004389, "_wandb": {"runtime": 148}}