{"loss": 1.4907217025756836, "_timestamp": 1700740391.3045611, "_runtime": 2659.258490085602, "_step": 13999, "train acc": 67.42108663206433, "test acc": 68.05147693902228, "test total acc": 67.80595369349504, "_wandb": {"runtime": 2658}}