{"loss": 1.552642822265625, "_timestamp": 1711465364.2317927, "_runtime": 312.41000866889954, "_step": 4099, "train acc": 61.0683343349359, "test acc": 48.621808387046805, "_wandb": {"runtime": 311}}