{"loss": 0.6517400145530701, "_timestamp": 1715529669.305223, "_runtime": 70.72444987297058, "_step": 6016, "test acc": 0.7606415748596191, "max acc": 0.7606415748596191, "_wandb": {"runtime": 70}}