{"loss": 1.4873160123825073, "_timestamp": 1699178758.5789797, "_runtime": 859.0248367786407, "_step": 4224, "train acc": 66.65187387667251, "test acc": 66.79287496773084, "test total acc": 66.79287496773084, "_wandb": {"runtime": 857}}