{"loss": 0.5129933953285217, "_timestamp": 1715593161.6261108, "_runtime": 377.77413988113403, "_step": 3599, "test acc": 0.6686400175094604, "max acc": 0.702239990234375, "_wandb": {"runtime": 412}}