{"loss": 0.37827497720718384, "_timestamp": 1715527168.6450026, "_runtime": 81.76313853263855, "_step": 7699, "test acc": 0.8278840184211731, "_wandb": {"runtime": 134}}