{"loss": 1.5019011497497559, "_timestamp": 1712399156.1915112, "_runtime": 648.7986841201782, "_step": 10299, "train acc": 65.292724609375, "test acc": 63.18081288779119, "max test acc": 64.07063500942317, "_wandb": {"runtime": 647}}