{"loss": 1.5457873344421387, "_timestamp": 1707811284.8068242, "_runtime": 240.66523218154907, "_step": 4699, "train acc": 63.07725694444444, "test acc": 63.238963944583084, "_wandb": {"runtime": 239}}