{"loss": 0.5417891144752502, "_timestamp": 1716060333.3948946, "_runtime": 624.0299355983734, "_step": 76999, "test acc": 0.8210980892181396, "max acc": 0.8227431774139404, "_wandb": {"runtime": 623}}