{"loss": 1.4880353212356567, "_timestamp": 1711455325.3404627, "_runtime": 2472.8206017017365, "_step": 33899, "train acc": 67.54073409346847, "test acc": 67.12649415247455, "_wandb": {"runtime": 2472}}