{"loss": 3365.2587890625, "loss_reg": 1.1997073888778687, "_timestamp": 1715078573.7683918, "_runtime": 12.195982933044434, "_step": 1, "_wandb": {"runtime": 48}}