{"loss": 1.966577410697937, "loss_reg": 0.31272077560424805, "_timestamp": 1698340630.7541769, "_runtime": 263.63494396209717, "_step": 235, "_wandb": {"runtime": 262}}