{"loss": 3.4432084560394287, "loss_reg": 1.139526605606079, "_timestamp": 1715080547.4900942, "_runtime": 54.881596088409424, "_step": 248, "_wandb": {"runtime": 57}}