{"loss": 1.4978357553482056, "_timestamp": 1699181494.42623, "_runtime": 307.1000289916992, "_step": 1399, "train acc": 66.1237712738811, "test acc": 66.31959383874022, "test total acc": 66.31959383874022, "_wandb": {"runtime": 306}}