{"loss": 0.4330904185771942, "_timestamp": 1715544980.5260959, "_runtime": 228.59298586845398, "_step": 3699, "test acc": 0.7502400279045105, "max acc": 0.7506600022315979, "_wandb": {"runtime": 293}}