{"loss": 0.32523131370544434, "_timestamp": 1716135556.1836116, "_runtime": 100.12556672096252, "_step": 15427, "test acc": 0.8286037445068359, "max acc": 0.8291178345680237, "_wandb": {"runtime": 105}}