{"loss": 0.5315784811973572, "_timestamp": 1716140952.9611697, "_runtime": 3519.591194629669, "_step": 51358, "test acc": 0.8059839606285095, "max acc": 0.8080403208732605, "_wandb": {"runtime": 3518}}