{"loss": 1.394134283065796, "_timestamp": 1700729530.8436294, "_runtime": 361.5792212486267, "_step": 2334, "train acc": 74.21018697614443, "test acc": 74.93734335839599, "test total acc": 54.0631415020882, "_wandb": {"runtime": 359}}