{"loss": -0.0, "_timestamp": 1707921604.8215294, "_runtime": 145.56717443466187, "_step": 1044, "train acc": Infinity, "test acc": Infinity, "_wandb": {"runtime": 149}}