{"loss": 1.5142492055892944, "_timestamp": 1699008616.6235676, "_runtime": 1300.1354765892029, "_step": 8399, "train acc": 62.4266862170088, "test acc": 59.672830725462305, "test total acc": 51.181357417781335, "_wandb": {"runtime": 1299}}