{"loss": 0.0016635762294754386, "loss_reg": 0.553877592086792, "_timestamp": 1699597039.4558856, "_runtime": 654.8961176872253, "_step": 172, "_wandb": {"runtime": 1634}}