{"loss": 0.4344724118709564, "_timestamp": 1715786189.1708727, "_runtime": 152.58750462532043, "_step": 11743, "test acc": 0.6340199708938599, "max acc": 0.74235999584198, "_wandb": {"runtime": 207}}