{"loss": 1.5295023918151855, "_timestamp": 1712763558.355781, "_runtime": 1081.95640707016, "_step": 9999, "train acc": 64.95776618878865, "test acc": 64.52673338898308, "max test acc": 65.65148920423741, "_wandb": {"runtime": 1081}}