{"loss": 1129.5186767578125, "loss_reg": 0.6534378528594971, "_timestamp": 1707903777.033505, "_runtime": 57.58368802070618, "_step": 308, "_wandb": {"runtime": 57}}