{"loss": 0.472836971282959, "_timestamp": 1715786242.52313, "_runtime": 131.77502489089966, "_step": 12704, "test acc": 0.707099974155426, "max acc": 0.7074199914932251, "_wandb": {"runtime": 152}}