{"loss": 1.4963815212249756, "_timestamp": 1712157184.3451, "_runtime": 834.325031042099, "_step": 11599, "train acc": 65.45172497234513, "test acc": 65.51552025334973, "max test acc": 65.85286094162801, "_wandb": {"runtime": 833}}