{"loss": 0.4522036015987396, "_timestamp": 1715786696.915826, "_runtime": 153.17251801490784, "_step": 11789, "test acc": 0.7436599731445312, "max acc": 0.7496600151062012, "_wandb": {"runtime": 204}}