{"loss": 0.6849788427352905, "_timestamp": 1715787017.7554388, "_runtime": 11.652013778686523, "_step": 37, "test acc": 0.6802600026130676, "max acc": 0.6802600026130676, "_wandb": {"runtime": 7}}