{"loss": 0.00342159880917682, "_timestamp": 1698417413.6748042, "_runtime": 42.681459188461304, "_step": 469, "_wandb": {"runtime": 42}}