{"loss": 1.6742122173309326, "_timestamp": 1708774001.8602006, "_runtime": 1066.984875679016, "_step": 12762, "train acc": 48.791611933075224, "test acc": 48.621808387046805, "_wandb": {"runtime": 1069}}