{"loss": 1.5075987577438354, "_timestamp": 1699081995.9481912, "_runtime": 1643.019587278366, "_step": 8399, "train acc": 67.29979807841659, "test acc": 67.8168832286378, "test total acc": 67.8168832286378, "_wandb": {"runtime": 1642}}