{"loss": 0.0016604212578386068, "loss_reg": 5.617831230163574, "_timestamp": 1699176741.7060108, "_runtime": 108.30778479576111, "_step": 172, "_wandb": {"runtime": 116}}