{"loss": 0.37794527411460876, "_timestamp": 1715526091.8743353, "_runtime": 61.845418214797974, "_step": 769, "test acc": 0.8286037445068359, "_wandb": {"runtime": 61}}