{"loss": 0.6593447923660278, "_timestamp": 1715533543.1506217, "_runtime": 47.72514367103577, "_step": 3089, "test acc": 0.7606415748596191, "max acc": 0.7606415748596191, "_wandb": {"runtime": 47}}