{"loss": 6.847856044769287, "loss_reg": 4.903693675994873, "_timestamp": 1698349180.819723, "_runtime": 54.66658282279968, "_step": 31, "_wandb": {"runtime": 54}}