{"loss": 1.6876062154769897, "_timestamp": 1698918152.6137278, "_runtime": 40.310648918151855, "_step": 10, "_wandb": {"runtime": 39}}