{"loss": 0.3285980820655823, "_timestamp": 1715793917.2665095, "_runtime": 59.54300045967102, "_step": 14599, "test acc": 0.8222290873527527, "max acc": 0.8222290873527527, "_wandb": {"runtime": 115}}