{"loss": 0.5487383008003235, "_timestamp": 1716140917.9679463, "_runtime": 3452.6098413467407, "_step": 51358, "test acc": 0.7606415748596191, "max acc": 0.7606415748596191, "_wandb": {"runtime": 3451}}