{"loss": 12.408636093139648, "loss_reg": 10.461710929870605, "_timestamp": 1698349014.847331, "_runtime": 5.9356689453125, "_step": 1, "_wandb": {"runtime": 6}}