{"loss": 1.5132882595062256, "_timestamp": 1700226198.7845786, "_runtime": 357.30834460258484, "_step": 2599, "train acc": 65.09869711098523, "test acc": 64.94277600894931, "_wandb": {"runtime": 356}}