{"loss": 1.491220474243164, "_timestamp": 1712258178.8911407, "_runtime": 680.7147386074066, "_step": 11199, "train acc": 67.67555726777523, "test acc": 67.04732235828679, "max test acc": 67.23062227309106, "_wandb": {"runtime": 680}}