{"loss": 0.6578494906425476, "_timestamp": 1715082226.2172167, "_runtime": 46.416518688201904, "_step": 1099, "train acc": 55.46875, "test acc": 49.625, "_wandb": {"runtime": 45}}