{"loss": 0.3785770833492279, "_timestamp": 1715863290.4395006, "_runtime": 333.6811146736145, "_step": 11474, "test acc": 0.8256800174713135, "max acc": 0.8276600241661072, "_wandb": {"runtime": 437}}