{"loss": 2389.236328125, "loss_reg": 1.2178354263305664, "_timestamp": 1707924345.8550758, "_runtime": 26.452364921569824, "_step": 123, "_wandb": {"runtime": 45}}