{"loss": 0.3513501286506653, "_timestamp": 1716134155.640462, "_runtime": 51.803699016571045, "_step": 7985, "test acc": 0.7825416326522827, "max acc": 0.7877852916717529, "_wandb": {"runtime": 52}}