{"loss": 1.4974424839019775, "_timestamp": 1707302251.0890245, "_runtime": 880.2291595935822, "_step": 4199, "train acc": 65.82198289515362, "test acc": 65.26583611159853, "test total acc": 64.5488691760569, "_wandb": {"runtime": 879}}