{"loss": 1.5221775770187378, "_timestamp": 1698990976.6797132, "_runtime": 245.41561913490295, "_step": 2599, "test acc": 64.89435400069276, "epoch": 199, "_wandb": {"runtime": 244}}