{"loss": 1.6588377952575684, "_timestamp": 1709038854.5092618, "_runtime": 307.929251909256, "_step": 576, "train acc": 50.6591796875, "test acc": 48.15133276010318, "_wandb": {"runtime": 307}}