{"loss": 0.5737113356590271, "_timestamp": 1715972480.1986878, "_runtime": 415.40845489501953, "_step": 15649, "test acc": 0.6898199915885925, "max acc": 0.690280020236969, "_wandb": {"runtime": 414}}