{"loss": 1.4616267681121826, "_timestamp": 1709050227.121209, "_runtime": 7091.750560998917, "_step": 69599, "train acc": 69.2422321276846, "test acc": 68.63912515188335, "test total acc": 69.3475618892237, "_wandb": {"runtime": 7091}}