{"loss": 1.1872949600219727, "loss_reg": 1.182008981704712, "_timestamp": 1715087222.7595496, "_runtime": 152.41858863830566, "_step": 597, "_wandb": {"runtime": 151}}