{"loss": 1.0054655075073242, "loss_reg": 0.41872939467430115, "_timestamp": 1715618383.390882, "_runtime": 53.63605308532715, "_step": 48, "_wandb": {"runtime": 47}}