{"loss": 1.673957109451294, "_timestamp": 1700909407.7994032, "_runtime": 494.95381212234497, "_step": 2965, "train acc": 48.7939453125, "test acc": 48.79958695465106, "_wandb": {"runtime": 494}}