{"loss": 0.3930399417877197, "_timestamp": 1715864687.3250308, "_runtime": 60.34539484977722, "_step": 14199, "test acc": 0.8291178345680237, "max acc": 0.829734742641449, "_wandb": {"runtime": 115}}