{"loss": 1.4312500953674316, "_timestamp": 1699007261.5283744, "_runtime": 1477.1901755332947, "_step": 8399, "train acc": 75.39871152469577, "test acc": 74.50044404973357, "test total acc": 64.06632237020929, "_wandb": {"runtime": 1476}}