{"loss": 1.4875340461730957, "_timestamp": 1700743319.5065763, "_runtime": 2657.8002552986145, "_step": 13999, "train acc": 68.5139685139685, "test acc": 68.5106758425975, "test total acc": 67.81294062353126, "_wandb": {"runtime": 2656}}