{"loss": 0.39758121967315674, "_timestamp": 1715526211.0109978, "_runtime": 80.07435965538025, "_step": 7699, "test acc": 0.8302488327026367, "_wandb": {"runtime": 79}}