{"loss": 0.5312355756759644, "_timestamp": 1716137414.3959982, "_runtime": 102.35302424430847, "_step": 2632, "test acc": 0.7606415748596191, "max acc": 0.7606415748596191, "_wandb": {"runtime": 101}}