{"loss": 1076.3458251953125, "loss_reg": 1074.54345703125, "_timestamp": 1698346781.2848783, "_runtime": 57.17251420021057, "_step": 33, "_wandb": {"runtime": 57}}