{"loss": 1.5190520286560059, "_timestamp": 1700731432.2767155, "_runtime": 381.2150535583496, "_step": 2599, "train acc": 64.8878962661, "test acc": 65.19232424059892, "_wandb": {"runtime": 380}}