{"loss": 1.5312494039535522, "_timestamp": 1712580427.1595767, "_runtime": 654.4786195755005, "_step": 9999, "train acc": 64.89836702641753, "test acc": 64.52759395196337, "max test acc": 66.2969114394637, "_wandb": {"runtime": 653}}