{"loss": 0.23510269820690155, "_timestamp": 1716134904.7463887, "_runtime": 82.53612565994263, "_step": 15427, "test acc": 0.8274727463722229, "max acc": 0.8285009264945984, "_wandb": {"runtime": 87}}