{"loss": 3.102976083755493, "loss_reg": 1.1972980499267578, "_timestamp": 1698685087.6790833, "_runtime": 927.2767193317413, "_step": 578, "_wandb": {"runtime": 1050}}