{"loss": 1.8224098682403564, "_timestamp": 1711459498.4686062, "_runtime": 1010.8777711391449, "_step": 11499, "train acc": 48.845032036470634, "test acc": 48.621808387046805, "_wandb": {"runtime": 1010}}