{"loss": 1.3810466527938843, "loss_reg": 0.7553387880325317, "_timestamp": 1715605354.505746, "_runtime": 72.0372748374939, "_step": 48, "_wandb": {"runtime": 82}}