{"loss": 0.4169570505619049, "_timestamp": 1715787134.282425, "_runtime": 161.15037393569946, "_step": 11654, "test acc": 0.8228800296783447, "max acc": 0.8233399987220764, "_wandb": {"runtime": 232}}