{"loss": 0.5246251821517944, "_timestamp": 1715544257.943366, "_runtime": 183.96428608894348, "_step": 369, "test acc": 0.6772000193595886, "max acc": 0.6772000193595886, "_wandb": {"runtime": 183}}