{"loss": 0.3745361268520355, "_timestamp": 1715793372.060635, "_runtime": 23.989224195480347, "_step": 609, "test acc": 0.8094797730445862, "max acc": 0.8094797730445862, "_wandb": {"runtime": 78}}