{"loss": 1.4963932037353516, "_timestamp": 1712311408.9435384, "_runtime": 1065.3692994117737, "_step": 11599, "train acc": 65.26765794462428, "test acc": 65.26079361118043, "max test acc": 65.31070626403793, "_wandb": {"runtime": 1064}}