{"loss": 2.7387726306915283, "loss_reg": 0.920319139957428, "_timestamp": 1698683506.8987021, "_runtime": 490.81286811828613, "_step": 311, "_wandb": {"runtime": 491}}