{"loss": 1.6687878370285034, "_timestamp": 1712153357.4904244, "_runtime": 55.54253435134888, "_step": 717, "train acc": 48.78901928926991, "test acc": 48.621808387046805, "max test acc": 48.621808387046805, "_wandb": {"runtime": 54}}