{"loss": 0.38385123014450073, "_timestamp": 1716127980.6891975, "_runtime": 154.56763553619385, "_step": 11527, "test acc": 0.8194000124931335, "max acc": 0.8198400139808655, "_wandb": {"runtime": 235}}