{"loss": 0.474541574716568, "_timestamp": 1716063508.015429, "_runtime": 3035.7370409965515, "_step": 76999, "test acc": 0.7731852531433105, "max acc": 0.775138795375824, "_wandb": {"runtime": 3034}}