{"loss": 0.0018643613439053297, "loss_reg": 1.8349772691726685, "_timestamp": 1699345318.2043192, "_runtime": 116.95852422714233, "_step": 15}