{"loss": 1.522661566734314, "_timestamp": 1712401100.883266, "_runtime": 556.087434053421, "_step": 9399, "train acc": 64.26693423763736, "test acc": 65.6420230114541, "max test acc": 65.93719611369758, "_wandb": {"runtime": 555}}