{"loss": 19.505847930908203, "loss_reg": 0.47969645261764526, "_timestamp": 1698660233.8235056, "_runtime": 116.79194355010986, "_step": 58, "_wandb": {"runtime": 128}}