{"loss": 1.5704655647277832, "_timestamp": 1712309783.3969512, "_runtime": 421.10183215141296, "_step": 6499, "train acc": 58.832377772177416, "test acc": 48.621808387046805, "max test acc": 48.621808387046805, "_wandb": {"runtime": 420}}