{"loss": 2.207119941711426, "loss_reg": 0.5124616622924805, "_timestamp": 1712315124.1710074, "_runtime": 87.224618434906, "_step": 99, "_wandb": {"runtime": 103}}