{"loss": 1.41811203956604, "_timestamp": 1712307201.205398, "_runtime": 366.5561079978943, "_step": 2099, "train acc": 74.298095703125, "test acc": 48.621808387046805, "max test acc": 48.621808387046805, "_wandb": {"runtime": 365}}