{"loss": 0.004206526093184948, "_timestamp": 1715810330.5186896, "_runtime": 463.8905327320099, "_step": 28489, "test acc": 7.105679105734453e-05, "max acc": 7.105679105734453e-05}