{"loss": 1.4473257064819336, "_timestamp": 1708870085.833361, "_runtime": 5687.841192007065, "_step": 69599, "train acc": 71.42433234421365, "test acc": 70.84475506915817, "test total acc": 70.9954705586311, "_wandb": {"runtime": 5687}}