{"loss": 0.7520616054534912, "_timestamp": 1715530470.6794097, "_runtime": 84.11933064460754, "_step": 7699, "test acc": 0.7606415748596191, "max acc": 0.7606415748596191, "_wandb": {"runtime": 83}}