{"loss": 0.0034665627687735768, "_timestamp": 1698416102.3459446, "_runtime": 40.79326558113098, "_step": 469, "_wandb": {"runtime": 40}}