{"loss": 2.2352359294891357, "loss_reg": 0.5300468802452087, "_timestamp": 1698347847.17464, "_runtime": 96.8537540435791, "_step": 58, "_wandb": {"runtime": 95}}