{"loss": 9.890409469604492, "loss_reg": 7.979831218719482, "_timestamp": 1698732960.3112702, "_runtime": 667.7158782482147, "_step": 412, "_wandb": {"runtime": 668}}