{"loss": 8.190620422363281, "loss_reg": 0.4407966136932373, "_timestamp": 1708689575.8559477, "_runtime": 536.2672617435455, "_step": 462, "_wandb": {"runtime": 873}}