{"loss": 2.2034645080566406, "loss_reg": 0.537862241268158, "_timestamp": 1707807502.027987, "_runtime": 76.18844795227051, "_step": 56, "_wandb": {"runtime": 96}}