{"loss": 0.4786463677883148, "_timestamp": 1715973254.5028598, "_runtime": 48.38834285736084, "_step": 1951, "test acc": 0.7606415748596191, "max acc": 0.7606415748596191, "_wandb": {"runtime": 47}}