{"loss": 1.590240716934204, "_timestamp": 1700940605.331313, "_runtime": 2513.877124786377, "_step": 15092, "train acc": 56.947544642857146, "test acc": 48.79958695465106, "_wandb": {"runtime": 2518}}