{"loss": 19.421953201293945, "loss_reg": 17.53392219543457, "_timestamp": 1698659816.2469683, "_runtime": 31.139142274856567, "_step": 13, "_wandb": {"runtime": 30}}