{"loss": 1.4974783658981323, "_timestamp": 1712140627.0098104, "_runtime": 300.7983024120331, "_step": 3780, "train acc": 66.43736172566372, "test acc": 66.42599588650896, "max test acc": 66.42599588650896}