{"loss": 1.504669427871704, "_timestamp": 1712257190.0551295, "_runtime": 784.9931375980377, "_step": 11599, "train acc": 67.43120851769912, "test acc": 67.37433629080144, "max test acc": 67.37777854272265, "_wandb": {"runtime": 784}}