{"loss": 1.4891722202301025, "_timestamp": 1712403471.8100681, "_runtime": 2003.4711542129517, "_step": 34799, "train acc": 67.84451915099558, "test acc": 67.8089205958538, "max test acc": 67.83301635930225, "_wandb": {"runtime": 2002}}