{"loss": 1.4636528491973877, "_timestamp": 1699000559.1027584, "_runtime": 1496.2776033878326, "_step": 8399, "train acc": 73.58254616913423, "test acc": 73.44994804295116, "test total acc": 73.19509738079248, "_wandb": {"runtime": 1495}}