{"loss": 1.5008913278579712, "_timestamp": 1711444865.789105, "_runtime": 354.28479504585266, "_step": 5288, "train acc": 65.36508745851769, "test acc": 65.10933452664733, "_wandb": {"runtime": 353}}