{"loss": 0.3971985876560211, "_timestamp": 1715606474.8940194, "_runtime": 941.1430022716522, "_step": 41363, "test acc": 0.7460600137710571, "max acc": 0.7468799948692322, "_wandb": {"runtime": 940}}