{"loss": 0.42700260877609253, "_timestamp": 1715715852.5243552, "_runtime": 218.35274815559387, "_step": 7799, "test acc": 0.8273699283599854, "max acc": 0.8292206525802612, "_wandb": {"runtime": 278}}