{"loss": 1.4185017347335815, "_timestamp": 1699010998.4576752, "_runtime": 1507.5305461883545, "_step": 8399, "train acc": 73.86735402002577, "test acc": 73.00595810109552, "test total acc": 68.1713384298022, "_wandb": {"runtime": 1506}}