{"loss": 0.9394940137863159, "_timestamp": 1715546978.6780543, "_runtime": 144.75939631462097, "_step": 4999, "test acc": 0.6734600067138672, "max acc": 0.6734600067138672, "_wandb": {"runtime": 144}}