{"loss": 2.356222629547119, "loss_reg": 0.551251232624054, "_timestamp": 1698349542.1053112, "_runtime": 95.69204807281494, "_step": 58, "_wandb": {"runtime": 94}}