{"loss": 1.5557917356491089, "_timestamp": 1698990663.2778125, "_runtime": 166.11363554000854, "_step": 2599, "test acc": 59.72382048331416, "epoch": 199, "_wandb": {"runtime": 165}}