{"loss": 10.758720397949219, "loss_reg": 9.063629150390625, "_timestamp": 1699108184.3000028, "_runtime": 200.8935227394104, "_step": 119, "_wandb": {"runtime": 199}}