{"loss": 1.5143957138061523, "_timestamp": 1700936913.0143502, "_runtime": 2046.6078321933746, "_step": 29999, "train acc": 68.74651227678571, "test acc": 63.73806040788228, "_wandb": {"runtime": 2045}}