{"loss": 0.3823202848434448, "_timestamp": 1715694657.0772293, "_runtime": 198.24474620819092, "_step": 779, "test acc": 0.8277812004089355, "max acc": 0.828809380531311, "_wandb": {"runtime": 210}}