{"loss": 1.5506744384765625, "_timestamp": 1700731830.223294, "_runtime": 368.71945095062256, "_step": 2599, "train acc": 62.03408677800825, "test acc": 62.06006367782463, "_wandb": {"runtime": 367}}