{"loss": 413.3200378417969, "loss_reg": 0.6805700063705444, "_timestamp": 1716048597.3882792, "_runtime": 354.50091528892517, "_step": 390, "_wandb": {"runtime": 5127}}