{"loss": 1.500844120979309, "_timestamp": 1712319872.4185557, "_runtime": 499.8951678276062, "_step": 6999, "train acc": 65.20194437966418, "test acc": 64.39162500107571, "max test acc": 64.39162500107571, "_wandb": {"runtime": 499}}