{"loss": NaN, "loss_reg": NaN, "_timestamp": 1712314513.2034729, "_runtime": 60.31205081939697, "_step": 193, "_wandb": {"runtime": 59}}