{"loss": 1.521204948425293, "_timestamp": 1700735163.4822438, "_runtime": 544.3955798149109, "_step": 2799, "train acc": 64.74446646384013, "test acc": 65.13691958004112, "test total acc": 69.53520261005248, "_wandb": {"runtime": 543}}