{"loss": 2292.958984375, "loss_reg": 1.1754379272460938, "_timestamp": 1715078715.002923, "_runtime": 55.055503129959106, "_step": 248, "_wandb": {"runtime": 204}}