{"loss": 0.5375439524650574, "_timestamp": 1707922866.4872608, "_runtime": 449.113077878952, "_step": 1199, "train acc": 76.10000610351562, "test acc": 59.60000228881836, "_wandb": {"runtime": 448}}