{"loss": 1.4835643768310547, "_timestamp": 1700999597.8000624, "_runtime": 3327.8849713802338, "_step": 89999, "train acc": 69.35864825581395, "test acc": 69.4518544015145, "_wandb": {"runtime": 3327}}