{"loss": 3473.65966796875, "loss_reg": 1.169933795928955, "_timestamp": 1715078421.7159183, "_runtime": 16.00574231147766, "_step": 1, "_wandb": {"runtime": 22}}