{"loss": 0.5509932637214661, "_timestamp": 1707921865.5881608, "_runtime": 49.42277765274048, "_step": 351, "train acc": 75.52083587646484, "test acc": 80.35000610351562, "_wandb": {"runtime": 53}}