{"loss": 0.3516674339771271, "_timestamp": 1716135565.5176744, "_runtime": 100.24590253829956, "_step": 15554, "test acc": 0.8136952519416809, "max acc": 0.8165741562843323, "_wandb": {"runtime": 103}}