{"loss": 0.001569446874782443, "loss_reg": 215.90562438964844, "_timestamp": 1698744846.947767, "_runtime": 133.19157910346985, "_step": 230, "_wandb": {"runtime": 132}}