{"loss": 1.957974910736084, "loss_reg": 0.3107132911682129, "_timestamp": 1712577753.8335602, "_runtime": 274.23582315444946, "_step": 399, "_wandb": {"runtime": 295}}