{"loss": 1.6589539051055908, "_timestamp": 1699177832.6061666, "_runtime": 24.14983057975769, "_step": 122, "train acc": 49.70599329886613, "test acc": 50.45176835040014, "test total acc": 50.45176835040014, "_wandb": {"runtime": 23}}