{"loss": 0.6631563305854797, "_timestamp": 1715972812.3788006, "_runtime": 439.4523956775665, "_step": 15649, "test acc": 0.7018600106239319, "max acc": 0.7023000121116638, "_wandb": {"runtime": 438}}