{"loss": 0.5514689683914185, "_timestamp": 1716146496.5203166, "_runtime": 5339.116341590881, "_step": 76999, "test acc": 0.8205839991569519, "max acc": 0.8247994780540466, "_wandb": {"runtime": 5338}}