{"loss": 1.668348789215088, "_timestamp": 1712154872.771855, "_runtime": 208.6904001235962, "_step": 2664, "train acc": 48.799821971792035, "test acc": 48.621808387046805, "max test acc": 48.621808387046805}