{"loss": 0.39824172854423523, "_timestamp": 1715787856.1696455, "_runtime": 151.80407643318176, "_step": 11527, "test acc": 0.8114399909973145, "max acc": 0.8144599795341492, "_wandb": {"runtime": 235}}