{"loss": 0.001546690589748323, "loss_reg": 4.695940971374512, "_timestamp": 1698745713.310193, "_runtime": 48.06889510154724, "_step": 68}