{"loss": 0.4546446204185486, "_timestamp": 1716128506.3663769, "_runtime": 135.46717596054077, "_step": 12704, "test acc": 0.7058799862861633, "max acc": 0.7070800065994263, "_wandb": {"runtime": 155}}