{"loss": 1.4969191551208496, "_timestamp": 1700910661.962743, "_runtime": 688.2807240486145, "_step": 3524, "train acc": 66.09951773561095, "test acc": 66.0548855095263, "test total acc": 65.5586184530566, "_wandb": {"runtime": 687}}