{"loss": 0.5051140189170837, "_timestamp": 1715533226.2445695, "_runtime": 317.89891147613525, "_step": 23099, "test acc": 0.7577626705169678, "max acc": 0.7607443928718567, "_wandb": {"runtime": 317}}