{"loss": 1.49483060836792, "_timestamp": 1700945426.6986203, "_runtime": 4038.79478430748, "_step": 71999, "train acc": 68.2818244485294, "test acc": 65.86352293262198, "_wandb": {"runtime": 4037}}