{"loss": 1.6714084148406982, "_timestamp": 1709034225.0004282, "_runtime": 2390.180805206299, "_step": 136499, "train acc": 48.79277041942605, "test acc": 48.621808387046805, "_wandb": {"runtime": 2389}}