{"loss": 118.97931671142578, "loss_reg": 116.98600006103516, "_timestamp": 1698348922.7921214, "_runtime": 64.10515642166138, "_step": 38, "_wandb": {"runtime": 63}}