{"loss": 1.514642596244812, "_timestamp": 1700745554.2252364, "_runtime": 584.0174984931946, "_step": 3899, "train acc": 65.1562904757793, "test acc": 64.9513811203855, "_wandb": {"runtime": 583}}