{"loss": 1.4986443519592285, "_timestamp": 1712578717.7750967, "_runtime": 839.2555956840515, "_step": 11599, "train acc": 66.94940887721239, "test acc": 67.01462096503532, "max test acc": 67.17726736831234, "_wandb": {"runtime": 838}}