{"loss": 10.727237701416016, "loss_reg": 9.044851303100586, "_timestamp": 1699110112.244627, "_runtime": 43.16858506202698, "_step": 20, "_wandb": {"runtime": 42}}