{"loss": 1.4507907629013062, "_timestamp": 1700941869.1309829, "_runtime": 3829.0819439888, "_step": 59999, "train acc": 70.82170758928571, "test acc": 64.86533000602358, "_wandb": {"runtime": 3828}}