{"loss": 125.47925567626953, "loss_reg": 123.49725341796875, "_timestamp": 1698346672.4314072, "_runtime": 56.94315314292908, "_step": 33, "_wandb": {"runtime": 56}}