{"loss": 1.5133936405181885, "_timestamp": 1712138345.038916, "_runtime": 959.6970980167389, "_step": 11599, "train acc": 65.91616678795813, "test acc": 65.8408130599038, "max test acc": 65.86146657143102, "_wandb": {"runtime": 958}}