{"loss": 0.40450817346572876, "_timestamp": 1715880892.5572052, "_runtime": 139.80939722061157, "_step": 11654, "test acc": 0.708299994468689, "max acc": 0.7385799884796143, "_wandb": {"runtime": 203}}