{"loss": 7.7068939208984375, "loss_reg": 5.779404163360596, "_timestamp": 1698682992.888355, "_runtime": 54.88614201545715, "_step": 31, "_wandb": {"runtime": 54}}