{"loss": 1.5030299425125122, "_timestamp": 1712158610.4481544, "_runtime": 909.3794674873352, "_step": 11599, "train acc": 65.70515590431415, "test acc": 65.67128215278436, "max test acc": 66.13770728810788, "_wandb": {"runtime": 908}}