{"loss": 0.32882627844810486, "_timestamp": 1716135360.5680509, "_runtime": 92.78798294067383, "_step": 15971, "test acc": 0.7830557227134705, "max acc": 0.7877852916717529, "_wandb": {"runtime": 94}}