{"loss": 1.4961636066436768, "_timestamp": 1700941937.2051036, "_runtime": 3915.7548525333405, "_step": 83999, "train acc": 68.19091796875, "test acc": 66.81869030203941, "_wandb": {"runtime": 3914}}