{"loss": 1.6477398872375488, "loss_reg": 0.12423890084028244, "_timestamp": 1708685780.5235155, "_runtime": 1613.9917814731598, "_step": 1390, "_wandb": {"runtime": 2238}}