{"loss": 1.4965075254440308, "_timestamp": 1699354119.425038, "_runtime": 4127.1356081962585, "_step": 4199, "train acc": 65.64670379656955, "test acc": 65.42466224937613, "test total acc": 65.42466224937613, "_wandb": {"runtime": 4125}}