{"loss": 1.5074597597122192, "_timestamp": 1712403406.184659, "_runtime": 1983.365317106247, "_step": 34799, "train acc": 66.46307211006638, "test acc": 66.55766202249512, "max test acc": 67.94402898376117, "_wandb": {"runtime": 1982}}