{"loss": 0.001671421225182712, "loss_reg": 926.5657958984375, "_timestamp": 1699110896.824354, "_runtime": 144.05233597755432, "_step": 172, "_wandb": {"runtime": 250}}