{"loss": 2.794539213180542, "loss_reg": 1.0162353515625, "_timestamp": 1712312604.2679818, "_runtime": 283.16444087028503, "_step": 58, "_wandb": {"runtime": 282}}