{"loss": 0.5934406518936157, "_timestamp": 1716132777.261032, "_runtime": 926.4777290821075, "_step": 14999, "test acc": 0.6975600123405457, "max acc": 0.6977199912071228, "_wandb": {"runtime": 925}}