{"loss": 0.3826495409011841, "_timestamp": 1715793765.331375, "_runtime": 53.17410492897034, "_step": 12199, "test acc": 0.818733274936676, "max acc": 0.8194530010223389, "_wandb": {"runtime": 107}}