{"loss": 0.0016701719723641872, "loss_reg": 2.5955753326416016, "_timestamp": 1699346333.911174, "_runtime": 786.3328440189362, "_step": 172, "_wandb": {"runtime": 866}}