{"loss": 0.32989785075187683, "_timestamp": 1715864248.727373, "_runtime": 39.73130679130554, "_step": 6999, "test acc": 0.807012140750885, "max acc": 0.8094797730445862, "_wandb": {"runtime": 91}}