{"loss": 1.5025839805603027, "_timestamp": 1707808196.0279717, "_runtime": 563.9849436283112, "_step": 2544, "train acc": 66.19033882885482, "test acc": 66.68100851906033, "test total acc": 66.68100851906033, "_wandb": {"runtime": 564}}