{"loss": 0.6125167608261108, "_timestamp": 1715787369.4112341, "_runtime": 8.0243980884552, "_step": 69, "test acc": 0.661300003528595, "max acc": 0.661300003528595, "_wandb": {"runtime": 7}}