{"loss": 1.0707036256790161, "_timestamp": 1715530763.1864007, "_runtime": 40.91171073913574, "_step": 2211, "test acc": 0.7606415748596191, "max acc": 0.7606415748596191, "_wandb": {"runtime": 40}}