{"loss": 0.8063347339630127, "loss_reg": 0.22627463936805725, "_timestamp": 1715618225.7254627, "_runtime": 149.89937162399292, "_step": 98, "_wandb": {"runtime": 150}}