{"loss": 1.6382092237472534, "_timestamp": 1699109704.3535433, "_runtime": 512.0256962776184, "_step": 2817, "train acc": 52.9567089000821, "test acc": 52.35349797779881, "test total acc": 52.35349797779881, "_wandb": {"runtime": 511}}