{"loss": 1.5075489282608032, "_timestamp": 1712324734.5423546, "_runtime": 888.4476184844971, "_step": 11599, "train acc": 64.99350538848117, "test acc": 65.14461760883971, "max test acc": 65.16957393526845, "_wandb": {"runtime": 887}}