{"loss": 1.5143698453903198, "_timestamp": 1700731018.4399183, "_runtime": 378.2234892845154, "_step": 2599, "train acc": 64.86712746318636, "test acc": 65.14069357198176, "_wandb": {"runtime": 377}}