{"loss": 25.93368911743164, "loss_reg": 7.039618968963623, "_timestamp": 1698659745.0132415, "_runtime": 117.10896444320679, "_step": 58, "_wandb": {"runtime": 126}}