{"loss": 0.3116627633571625, "_timestamp": 1715717472.1931424, "_runtime": 288.0431363582611, "_step": 23399, "test acc": 0.8279868364334106, "max acc": 0.8310713768005371, "_wandb": {"runtime": 345}}