{"loss": 1.5765653848648071, "_timestamp": 1712320174.3868341, "_runtime": 202.04508018493652, "_step": 1899, "train acc": 57.6416015625, "test acc": 48.621808387046805, "max test acc": 48.621808387046805, "_wandb": {"runtime": 201}}