{"loss": 1.8281354904174805, "loss_reg": 0.15519815683364868, "_timestamp": 1712314822.6144395, "_runtime": 288.7888596057892, "_step": 999, "_wandb": {"runtime": 381}}