{"loss": 3.536386489868164, "loss_reg": 1.138284683227539, "_timestamp": 1715080645.0499814, "_runtime": 54.02229046821594, "_step": 248, "_wandb": {"runtime": 56}}