{"loss": 1.684869408607483, "_timestamp": 1708858181.1910734, "_runtime": 573.998913526535, "_step": 5565, "train acc": 48.472351123950446, "test acc": 48.31105710814095, "test total acc": 49.850999716982706, "_wandb": {"runtime": 574}}