{"loss": 1.4867713451385498, "_timestamp": 1712763660.8383255, "_runtime": 1200.1764945983887, "_step": 11599, "train acc": 66.90598209347345, "test acc": 66.85799850262042, "max test acc": 67.29774618555459, "_wandb": {"runtime": 1199}}