{"loss": 1.4939165115356445, "_timestamp": 1700732497.1139364, "_runtime": 500.0640494823456, "_step": 2799, "train acc": 66.79958120781448, "test acc": 67.1618586975298, "test total acc": 66.83911457891612, "_wandb": {"runtime": 499}}