{"loss": 1.516150951385498, "_timestamp": 1699080071.890741, "_runtime": 518.69584608078, "_step": 2799, "train acc": 65.98397940843633, "test acc": 66.18191205576112, "test total acc": 66.18191205576112, "_wandb": {"runtime": 517}}