{"loss": 2.0447134971618652, "loss_reg": 0.37070244550704956, "_timestamp": 1707751499.358411, "_runtime": 217.31534910202026, "_step": 172, "_wandb": {"runtime": 686}}