{"loss": 1.659018874168396, "_timestamp": 1712312673.8540578, "_runtime": 923.9474377632141, "_step": 11599, "train acc": 48.8428415338157, "test acc": 48.621808387046805, "max test acc": 48.621808387046805, "_wandb": {"runtime": 923}}