{"loss": 0.5613552331924438, "_timestamp": 1716139096.9307616, "_runtime": 562.6342716217041, "_step": 7699, "test acc": 0.7606415748596191, "max acc": 0.7606415748596191, "_wandb": {"runtime": 561}}