{"loss": 0.003612958826124668, "_timestamp": 1715849031.9764345, "_runtime": 32.88245153427124, "_step": 10575, "test acc": 7.105679105734453e-05, "max acc": 7.105679105734453e-05}