{"loss": 19.94741439819336, "loss_reg": 1.0513602495193481, "_timestamp": 1698682905.9127846, "_runtime": 95.86450862884521, "_step": 57, "_wandb": {"runtime": 95}}