{"loss": 3.516080617904663, "loss_reg": 1.1276133060455322, "_timestamp": 1715080456.0168483, "_runtime": 55.63753533363342, "_step": 248, "_wandb": {"runtime": 57}}