{"loss": 1.5153741836547852, "_timestamp": 1700919662.2829216, "_runtime": 609.0450756549835, "_step": 12599, "train acc": 65.22216796875, "test acc": 64.21134153687291, "_wandb": {"runtime": 608}}