{"loss": 0.4559382200241089, "_timestamp": 1715618779.0727894, "_runtime": 951.1509113311768, "_step": 28841, "test acc": 0.7010200023651123, "max acc": 0.7054799795150757, "_wandb": {"runtime": 950}}