{"loss": 0.39056316018104553, "_timestamp": 1715528704.3447475, "_runtime": 83.75425457954407, "_step": 7699, "test acc": 0.8304544687271118, "_wandb": {"runtime": 137}}