{"loss": 3.8000941276550293, "loss_reg": 1.1823443174362183, "_timestamp": 1715080166.047756, "_runtime": 56.34443402290344, "_step": 248, "_wandb": {"runtime": 58}}