{"loss": 0.5668256282806396, "_timestamp": 1715973655.405337, "_runtime": 114.53049421310425, "_step": 12947, "test acc": 0.7606415748596191, "max acc": 0.7606415748596191, "_wandb": {"runtime": 113}}