{"loss": 1.5162203311920166, "_timestamp": 1700729414.6623023, "_runtime": 524.113997220993, "_step": 2799, "train acc": 65.22176012504535, "test acc": 64.93126961792402, "test total acc": 68.84486264125964, "_wandb": {"runtime": 522}}