{"loss": 2.2682738304138184, "loss_reg": 0.5924071073532104, "_timestamp": 1707301088.9139678, "_runtime": 71.58384585380554, "_step": 44, "_wandb": {"runtime": 133}}