{"loss": 0.0016696166712790728, "loss_reg": 2.8687825202941895, "_timestamp": 1699344997.9104543, "_runtime": 466.7884202003479, "_step": 95, "_wandb": {"runtime": 466}}