{"loss": 1.9097521305084229, "loss_reg": 0.255973219871521, "_timestamp": 1700854142.4131248, "_runtime": 268.6922388076782, "_step": 228, "_wandb": {"runtime": 318}}