{"loss": 0.3897954523563385, "_timestamp": 1715713914.8153598, "_runtime": 213.6615297794342, "_step": 7799, "test acc": 0.8311741948127747, "max acc": 0.8320994973182678, "_wandb": {"runtime": 270}}