{"loss": 0.3931286633014679, "_timestamp": 1715611170.18911, "_runtime": 107.39782214164734, "_step": 8199, "test acc": 0.8197600245475769, "max acc": 0.8198400139808655, "_wandb": {"runtime": 106}}