{"loss": 0.5710758566856384, "_timestamp": 1715531503.984229, "_runtime": 91.98109602928162, "_step": 7699, "test acc": 0.7606415748596191, "max acc": 0.7606415748596191, "_wandb": {"runtime": 91}}