{"loss": 0.35547664761543274, "_timestamp": 1715715054.7217689, "_runtime": 217.01220989227295, "_step": 7799, "test acc": 0.8283981084823608, "max acc": 0.830865740776062, "_wandb": {"runtime": 276}}