{"loss": 1.438772439956665, "_timestamp": 1699007126.4192803, "_runtime": 1331.093774318695, "_step": 8399, "train acc": 73.45703912868092, "test acc": 74.13621498649225, "test total acc": 59.60499099219324, "_wandb": {"runtime": 1329}}