{"loss": 1.523655891418457, "_timestamp": 1711455882.791463, "_runtime": 1334.5562779903412, "_step": 11499, "train acc": 65.31800110519333, "test acc": 65.31156682701824, "_wandb": {"runtime": 1333}}