{"loss": 1.6649677753448486, "_timestamp": 1708697622.2250683, "_runtime": 729.1303954124451, "_step": 3899, "train acc": 48.71271306818182, "test acc": 48.79958695465106, "_wandb": {"runtime": 727}}