{"loss": 1.512080192565918, "_timestamp": 1698919153.2372909, "_runtime": 285.42177391052246, "_step": 2399, "test acc": 66.41842743332178, "_wandb": {"runtime": 285}}