{"loss": 1.657852292060852, "_timestamp": 1709038272.88966, "_runtime": 97.93523979187012, "_step": 172, "train acc": 51.0009765625, "test acc": 48.15133276010318, "_wandb": {"runtime": 97}}