{"loss": 1.7020384073257446, "_timestamp": 1700917236.8514981, "_runtime": 21.487195014953613, "_step": 143, "train acc": 46.573893229166664, "test acc": 47.00854700854701, "_wandb": {"runtime": 20}}