{"loss": 1.500381588935852, "_timestamp": 1700733184.5238502, "_runtime": 549.4279522895813, "_step": 2799, "train acc": 65.72141409191151, "test acc": 65.66764553463466, "test total acc": 65.27012127894156, "_wandb": {"runtime": 548}}