{"loss": 0.6317070126533508, "_timestamp": 1716130680.923635, "_runtime": 995.6551508903503, "_step": 15649, "test acc": 0.699999988079071, "max acc": 0.7001199722290039, "_wandb": {"runtime": 994}}