{"loss": 1.606939435005188, "_timestamp": 1708687481.7015116, "_runtime": 661.3067865371704, "_step": 45499, "train acc": 52.95361651490066, "test acc": 52.678502276189086, "_wandb": {"runtime": 660}}