{"loss": 15.193387031555176, "loss_reg": 13.229510307312012, "_timestamp": 1698348477.7713308, "_runtime": 92.7911388874054, "_step": 58, "_wandb": {"runtime": 91}}