{"loss": 1.6709288358688354, "_timestamp": 1699110716.8524923, "_runtime": 180.9887673854828, "_step": 962, "train acc": 48.6275989082921, "test acc": 48.825402288959644, "test total acc": 48.825402288959644, "_wandb": {"runtime": 185}}