{"loss": 0.36462563276290894, "_timestamp": 1715600159.7073832, "_runtime": 1199.2108471393585, "_step": 49999, "test acc": 0.8313800096511841, "max acc": 0.8334599733352661, "_wandb": {"runtime": 1198}}