{"loss": 3.8755998611450195, "loss_reg": 1.1541584730148315, "_timestamp": 1715081912.911614, "_runtime": 497.1861479282379, "_step": 2498, "_wandb": {"runtime": 696}}