{"loss": 0.3903307616710663, "_timestamp": 1715860551.082391, "_runtime": 636.9831500053406, "_step": 11474, "test acc": 0.8235200047492981, "max acc": 0.8246999979019165, "_wandb": {"runtime": 743}}