{"loss": 1.6654207706451416, "_timestamp": 1709038032.0392904, "_runtime": 121.29835033416748, "_step": 1492, "train acc": 48.78729086006637, "test acc": 48.621808387046805, "_wandb": {"runtime": 120}}