{"loss": 0.6151401400566101, "_timestamp": 1715082497.9662967, "_runtime": 200.47340869903564, "_step": 5499, "train acc": 56.85763931274414, "test acc": 50.5, "_wandb": {"runtime": 199}}