{"loss": 1.511780023574829, "_timestamp": 1700918442.0016208, "_runtime": 677.9870626926422, "_step": 3599, "train acc": 65.33203125, "test acc": 63.86713707942518, "_wandb": {"runtime": 677}}