{"loss": 1.5085241794586182, "_timestamp": 1707829305.780856, "_runtime": 807.6030538082123, "_step": 14099, "train acc": 65.03255208333333, "test acc": 65.34721624645039, "_wandb": {"runtime": 806}}