{"loss": 1.6786447763442993, "_timestamp": 1712311245.5030997, "_runtime": 1019.9224367141724, "_step": 11599, "train acc": 48.90690644202777, "test acc": 48.621808387046805, "max test acc": 48.621808387046805, "_wandb": {"runtime": 1019}}