{"loss": 0.6028557419776917, "_timestamp": 1715973363.7857788, "_runtime": 52.182005643844604, "_step": 3839, "test acc": 0.7606415748596191, "max acc": 0.7606415748596191, "_wandb": {"runtime": 51}}