{"loss": 0.7052669525146484, "_timestamp": 1716131810.2312424, "_runtime": 985.4908604621887, "_step": 14999, "test acc": 0.713100016117096, "max acc": 0.7211800217628479, "_wandb": {"runtime": 984}}