{"loss": 1.509915828704834, "_timestamp": 1700728890.7452679, "_runtime": 506.4832239151001, "_step": 2799, "train acc": 67.03570871666926, "test acc": 66.54862670582139, "test total acc": 66.2115172589263, "_wandb": {"runtime": 505}}