{"loss": 0.5864446759223938, "_timestamp": 1716130717.63971, "_runtime": 1012.9857609272003, "_step": 15649, "test acc": 0.6887800097465515, "max acc": 0.6891199946403503, "_wandb": {"runtime": 1012}}