{"loss": 1.668476939201355, "_timestamp": 1709039783.0465214, "_runtime": 64.41716146469116, "_step": 122, "train acc": 50.20746887966805, "test acc": 50.64488392089424, "test total acc": 50.64488392089424, "_wandb": {"runtime": 63}}