{"loss": 1.4805140495300293, "_timestamp": 1711447835.076553, "_runtime": 2588.1435630321503, "_step": 34499, "train acc": 68.7255859375, "test acc": 68.65055119058889, "_wandb": {"runtime": 2587}}