{"loss": 19.757795333862305, "loss_reg": 17.81764793395996, "_timestamp": 1698347963.3778641, "_runtime": 84.6979911327362, "_step": 50, "_wandb": {"runtime": 84}}