{"loss": 1.503566861152649, "_timestamp": 1700740538.8095708, "_runtime": 2834.4776787757874, "_step": 13999, "train acc": 67.1253523878639, "test acc": 66.78211927697802, "test total acc": 69.66759657667029, "_wandb": {"runtime": 2833}}