{"loss": 1.669636845588684, "_timestamp": 1699625900.9518957, "_runtime": 2034.1517248153687, "_step": 2599, "train acc": 49.58899982785333, "test acc": 49.45357542380174, "_wandb": {"runtime": 2032}}