{"loss": 374.7885437011719, "loss_reg": 373.0841369628906, "_timestamp": 1698659205.1198108, "_runtime": 23.14148473739624, "_step": 9, "_wandb": {"runtime": 22}}