{"loss": 1.6498048305511475, "_timestamp": 1712311371.2449481, "_runtime": 45.59798216819763, "_step": 710, "train acc": 51.9403014520202, "test acc": 48.621808387046805, "max test acc": 48.621808387046805, "_wandb": {"runtime": 47}}