{"loss": 276.1094055175781, "loss_reg": 0.25230008363723755, "_timestamp": 1716048731.3746772, "_runtime": 397.6430461406708, "_step": 390, "_wandb": {"runtime": 12048}}