{"loss": 1.4873265027999878, "_timestamp": 1712311304.9298768, "_runtime": 109.45746278762817, "_step": 1788, "train acc": 66.66069380733946, "test acc": 66.03443973047168, "max test acc": 66.29346918754248, "_wandb": {"runtime": 109}}