{"loss": 8538.9443359375, "loss_reg": 8537.2841796875, "_timestamp": 1699107958.6012237, "_runtime": 180.3581826686859, "_step": 106, "_wandb": {"runtime": 179}}