{"loss": 0.3884604275226593, "_timestamp": 1716127916.0418212, "_runtime": 141.98349118232727, "_step": 11474, "test acc": 0.8220999836921692, "max acc": 0.8229799866676331, "_wandb": {"runtime": 241}}