{"loss": 10.023215293884277, "loss_reg": 8.11899185180664, "_timestamp": 1698660529.6866143, "_runtime": 228.5067822933197, "_step": 118, "_wandb": {"runtime": 227}}