{"loss": 1.6715492010116577, "_timestamp": 1709037168.0754576, "_runtime": 470.24940252304077, "_step": 5587, "train acc": 48.79377246957964, "test acc": 48.621808387046805, "_wandb": {"runtime": 469}}