{"loss": 0.455707848072052, "_timestamp": 1716128009.7878842, "_runtime": 142.6599621772766, "_step": 12704, "test acc": 0.7064599990844727, "max acc": 0.7075200080871582, "_wandb": {"runtime": 164}}