{"loss": 0.0016929417615756392, "loss_reg": 81.77813720703125, "_timestamp": 1699111228.4243417, "_runtime": 138.6970236301422, "_step": 140, "_wandb": {"runtime": 137}}