{"loss": 0.6761515736579895, "_timestamp": 1715592002.401746, "_runtime": 453.0582320690155, "_step": 14999, "test acc": 0.706059992313385, "max acc": 0.7073400020599365, "_wandb": {"runtime": 452}}