{"loss": 0.4735720157623291, "_timestamp": 1716146494.9055128, "_runtime": 5221.168988704681, "_step": 76999, "test acc": 0.7850092649459839, "max acc": 0.8003290295600891, "_wandb": {"runtime": 5220}}