{"loss": 1.4836267232894897, "_timestamp": 1700947353.6196232, "_runtime": 3966.3852202892303, "_step": 75999, "train acc": 66.98404947916667, "test acc": 66.087255829963, "_wandb": {"runtime": 3965}}