{"loss": 1.5126606225967407, "_timestamp": 1700991460.2734032, "_runtime": 589.9867970943451, "_step": 3899, "train acc": 64.64373676705699, "test acc": 65.29558557783324, "_wandb": {"runtime": 589}}