{"loss": 1.9513407945632935, "loss_reg": 0.010369936004281044, "_timestamp": 1698346952.5997355, "_runtime": 96.13262152671814, "_step": 58, "_wandb": {"runtime": 95}}