{"loss": 1.7035073041915894, "_timestamp": 1700917697.3591516, "_runtime": 357.0943396091461, "_step": 2099, "train acc": 46.5283203125, "test acc": 48.79958695465106, "_wandb": {"runtime": 356}}