{"loss": 0.5851341485977173, "_timestamp": 1715591945.7555075, "_runtime": 450.2828724384308, "_step": 14999, "test acc": 0.6881399750709534, "max acc": 0.6883599758148193, "_wandb": {"runtime": 449}}