{"loss": 0.3640356659889221, "_timestamp": 1716134096.486134, "_runtime": 51.904505014419556, "_step": 7737, "test acc": 0.8141065239906311, "max acc": 0.8141065239906311, "_wandb": {"runtime": 56}}