{"loss": 3.0200870037078857, "loss_reg": 0.7213327884674072, "_timestamp": 1715080061.0942147, "_runtime": 57.367138624191284, "_step": 248, "_wandb": {"runtime": 59}}