{"loss": 0.3718017637729645, "_timestamp": 1716135569.8332667, "_runtime": 100.61844778060913, "_step": 15971, "test acc": 0.7871684432029724, "max acc": 0.7903557419776917, "_wandb": {"runtime": 101}}