{"loss": NaN, "loss_reg": NaN, "_timestamp": 1700855520.7227528, "_runtime": 264.9367868900299, "_step": 228, "_wandb": {"runtime": 317}}