{"loss": 0.0017410643631592393, "loss_reg": 1.8397321701049805, "_timestamp": 1698744588.7971885, "_runtime": 35.25157856941223, "_step": 56, "_wandb": {"runtime": 153}}