{"loss": 1.5137664079666138, "_timestamp": 1712324923.4008272, "_runtime": 452.67757511138916, "_step": 6999, "train acc": 65.68913246268657, "test acc": 64.9862740204642, "max test acc": 65.20399645448052, "_wandb": {"runtime": 452}}