{"loss": 0.5235031843185425, "_timestamp": 1715533771.4612408, "_runtime": 207.01746487617493, "_step": 23099, "test acc": 0.7606415748596191, "max acc": 0.7606415748596191, "_wandb": {"runtime": 206}}