{"loss": 0.43103712797164917, "_timestamp": 1715787666.4346318, "_runtime": 157.20443987846375, "_step": 11714, "test acc": 0.7417200207710266, "max acc": 0.7427800297737122, "_wandb": {"runtime": 217}}