{"test acc": 40.0, "_timestamp": 1698924299.6950123, "_runtime": 86.59428429603577, "_step": 235, "epoch": 117, "_wandb": {"runtime": 85}}