{"loss": 1305.9615478515625, "loss_reg": 0.7681445479393005, "_timestamp": 1707903575.1475115, "_runtime": 49.87150740623474, "_step": 38, "_wandb": {"runtime": 149}}