{"loss": 0.5542473793029785, "_timestamp": 1716137373.7390084, "_runtime": 80.89199042320251, "_step": 3156, "test acc": 0.7606415748596191, "max acc": 0.7606415748596191, "_wandb": {"runtime": 80}}