{"loss": 7.288912296295166, "loss_reg": 5.354340076446533, "_timestamp": 1698660705.7792368, "_runtime": 147.7573938369751, "_step": 75, "_wandb": {"runtime": 147}}