{"loss": 4.050143718719482, "loss_reg": 2.3962013721466064, "_timestamp": 1699180918.6072667, "_runtime": 281.646746635437, "_step": 172, "_wandb": {"runtime": 470}}