{"loss": 0.0015651461435481906, "loss_reg": 37.95281982421875, "_timestamp": 1698745646.734689, "_runtime": 44.06334209442139, "_step": 64, "_wandb": {"runtime": 44}}