{"loss": 0.0015538153238594532, "loss_reg": 87.55890655517578, "_timestamp": 1699599442.7380996, "_runtime": 1283.154489517212, "_step": 288, "_wandb": {"runtime": 1773}}