{"loss": 1224.150390625, "loss_reg": 1222.4947509765625, "_timestamp": 1698347513.6509974, "_runtime": 95.39021229743958, "_step": 58, "_wandb": {"runtime": 94}}