{"loss": 1.4371241331100464, "_timestamp": 1699083398.1648965, "_runtime": 1488.1797003746033, "_step": 8399, "train acc": 71.20539807106971, "test acc": 71.05076069955922, "test total acc": 57.29965970507774, "_wandb": {"runtime": 1486}}