{"loss": 0.3499719202518463, "_timestamp": 1715695043.5518708, "_runtime": 212.3530557155609, "_step": 7799, "test acc": 0.8298375606536865, "max acc": 0.8316882848739624, "_wandb": {"runtime": 274}}