{"loss": 0.9545559287071228, "_timestamp": 1715973487.2460408, "_runtime": 59.9563467502594, "_step": 6115, "test acc": 0.7606415748596191, "max acc": 0.7606415748596191, "_wandb": {"runtime": 58}}