{"loss": 0.35643270611763, "_timestamp": 1715787674.8417845, "_runtime": 157.2827434539795, "_step": 11514, "test acc": 0.8174800276756287, "max acc": 0.8194199800491333, "_wandb": {"runtime": 247}}