{"loss": 0.3622661232948303, "_timestamp": 1715531772.850566, "_runtime": 233.29360485076904, "_step": 23099, "test acc": 0.8222290873527527, "max acc": 0.8245939016342163, "_wandb": {"runtime": 232}}