{"loss": 1.5115318298339844, "_timestamp": 1699021911.0633771, "_runtime": 1138.9588351249695, "_step": 8399, "train acc": 67.16710182767623, "test acc": 67.59493670886076, "test total acc": 54.76845258557187, "_wandb": {"runtime": 1137}}