{"loss": 1.422998309135437, "_timestamp": 1712305372.272564, "_runtime": 125.73897504806519, "_step": 699, "train acc": 74.163818359375, "test acc": 48.621808387046805, "max test acc": 48.621808387046805, "_wandb": {"runtime": 124}}