{"loss": 0.3925838768482208, "_timestamp": 1715621456.989015, "_runtime": 832.721508026123, "_step": 11654, "test acc": 0.7097600102424622, "max acc": 0.7403200268745422, "_wandb": {"runtime": 904}}