{"loss": 1.6485220193862915, "_timestamp": 1700728193.8414483, "_runtime": 274.7455303668976, "_step": 1525, "train acc": 52.854692477333984, "test acc": 52.61703230264294, "test total acc": 52.23475532185565, "_wandb": {"runtime": 279}}