{"loss": 12.706636428833008, "loss_reg": 10.76661491394043, "_timestamp": 1698684134.374117, "_runtime": 120.20159101486206, "_step": 70, "_wandb": {"runtime": 120}}