{"loss": 0.538313627243042, "_timestamp": 1716150023.7480886, "_runtime": 3413.4632625579834, "_step": 38653, "test acc": 0.7606415748596191, "max acc": 0.7606415748596191}