{"loss": 0.40728163719177246, "_timestamp": 1716151265.7306783, "_runtime": 4655.445852279663, "_step": 76999, "test acc": 0.8233600854873657, "max acc": 0.8249022960662842, "_wandb": {"runtime": 4654}}