{"loss": 0.6062902212142944, "_timestamp": 1715970840.4460242, "_runtime": 318.8213891983032, "_step": 11499, "test acc": 0.6991999745368958, "max acc": 0.6993600130081177, "_wandb": {"runtime": 318}}