{"loss": 0.6484816074371338, "_timestamp": 1715972030.4156153, "_runtime": 404.1851952075958, "_step": 15649, "test acc": 0.7001399993896484, "max acc": 0.7004799842834473, "_wandb": {"runtime": 403}}