{"loss": 2.3311514854431152, "loss_reg": 0.6705899834632874, "_timestamp": 1700852705.2249851, "_runtime": 68.10142016410828, "_step": 48, "_wandb": {"runtime": 67}}