{"loss": 0.5219200253486633, "_timestamp": 1715533298.8808773, "_runtime": 300.98561215400696, "_step": 23099, "test acc": 0.7561176419258118, "max acc": 0.7607443928718567, "_wandb": {"runtime": 300}}