{"loss": 1.496994137763977, "_timestamp": 1707829120.3430026, "_runtime": 634.3200905323029, "_step": 14099, "train acc": 65.67180354162603, "test acc": 66.00980982703726, "_wandb": {"runtime": 633}}