{"loss": 798.6338500976562, "loss_reg": 1.1962759494781494, "_timestamp": 1707903927.9534316, "_runtime": 57.12477970123291, "_step": 308, "_wandb": {"runtime": 57}}