{"loss": 1.5018255710601807, "_timestamp": 1707809123.058597, "_runtime": 240.25710201263428, "_step": 4699, "train acc": 65.37109375, "test acc": 65.99259960416488, "_wandb": {"runtime": 239}}