{"loss": 1.680374026298523, "_timestamp": 1712321399.7780497, "_runtime": 877.2219498157501, "_step": 11599, "train acc": 48.801803005296115, "test acc": 48.621808387046805, "max test acc": 48.621808387046805, "_wandb": {"runtime": 876}}