{"loss": 72.36793518066406, "loss_reg": 70.420654296875, "_timestamp": 1698742037.6273785, "_runtime": 125.91120934486389, "_step": 73, "_wandb": {"runtime": 125}}