{"loss": 1.6787749528884888, "_timestamp": 1700226513.649874, "_runtime": 166.22946500778198, "_step": 852, "train acc": 48.70018489229467, "test acc": 49.11901882881327, "test total acc": 48.79993215164108, "_wandb": {"runtime": 165}}