{"loss": 3.8796446323394775, "loss_reg": 1.928098440170288, "_timestamp": 1698733195.3105977, "_runtime": 191.2954077720642, "_step": 114, "_wandb": {"runtime": 295}}