{"loss": 1.6679834127426147, "_timestamp": 1709039674.0254781, "_runtime": 139.92923021316528, "_step": 254, "train acc": 49.719306809860875, "test acc": 51.16079105760963, "test total acc": 51.16079105760963, "_wandb": {"runtime": 138}}