{"loss": 1.6659326553344727, "_timestamp": 1712146346.486812, "_runtime": 304.9794192314148, "_step": 4067, "train acc": 48.7894513965708, "test acc": 48.621808387046805, "max test acc": 48.621808387046805, "_wandb": {"runtime": 304}}