{"loss": 0.6579122543334961, "_timestamp": 1715530582.57261, "_runtime": 84.06197786331177, "_step": 7699, "test acc": 0.7606415748596191, "max acc": 0.7606415748596191, "_wandb": {"runtime": 83}}