{"loss": 0.3484257757663727, "_timestamp": 1715863942.0029685, "_runtime": 105.76674056053162, "_step": 15599, "test acc": 0.8270614743232727, "max acc": 0.8306601047515869, "_wandb": {"runtime": 162}}