{"loss": 0.49688321352005005, "_timestamp": 1716149939.154852, "_runtime": 3316.2858288288116, "_step": 76999, "test acc": 0.7603331208229065, "max acc": 0.7606415748596191, "_wandb": {"runtime": 3315}}