{"loss": 1.531700849533081, "_timestamp": 1700933768.6140437, "_runtime": 470.0699186325073, "_step": 12599, "train acc": 66.31591796875, "test acc": 64.9685913432579, "_wandb": {"runtime": 469}}