{"loss": 1.6400846242904663, "_timestamp": 1709047622.3201559, "_runtime": 2893.7111377716064, "_step": 34499, "train acc": 53.16648230088496, "test acc": 52.91687822173266, "_wandb": {"runtime": 2892}}