{"loss": 0.0015887118643149734, "loss_reg": 2.6663620471954346, "_timestamp": 1698745011.3149605, "_runtime": 127.8537814617157, "_step": 230, "_wandb": {"runtime": 707}}