{"loss": 1.6675254106521606, "_timestamp": 1700911680.0791671, "_runtime": 715.9229881763458, "_step": 4199, "train acc": 48.746744791666664, "test acc": 47.00854700854701, "_wandb": {"runtime": 715}}