{"loss": 1.5873116254806519, "_timestamp": 1712402715.1287, "_runtime": 1276.5290849208832, "_step": 18899, "train acc": 58.850911458333336, "test acc": 48.621808387046805, "max test acc": 48.621808387046805, "_wandb": {"runtime": 1275}}