{"loss": 1.5007280111312866, "_timestamp": 1712254208.1596768, "_runtime": 756.2315487861633, "_step": 11599, "train acc": 66.28288336559734, "test acc": 66.27281567601526, "max test acc": 66.27539736495615, "_wandb": {"runtime": 755}}