{"loss": 1.5888066291809082, "_timestamp": 1698925209.177633, "_runtime": 296.52210116386414, "_step": 5199, "test acc": 61.73541963015647, "epoch": 199, "_wandb": {"runtime": 295}}