{"loss": 1.5272856950759888, "_timestamp": 1712400945.5042868, "_runtime": 608.8625228404999, "_step": 10299, "train acc": 64.88623046875, "test acc": 65.1971119506381, "max test acc": 65.48367942307858, "_wandb": {"runtime": 607}}