{"loss": 0.32547101378440857, "_timestamp": 1716134063.2936807, "_runtime": 51.739378690719604, "_step": 7751, "test acc": 0.8266502022743225, "max acc": 0.8272671103477478, "_wandb": {"runtime": 56}}