{"loss": 1.494825839996338, "_timestamp": 1712320474.5899012, "_runtime": 219.21251511573792, "_step": 3951, "train acc": 66.8253940818584, "test acc": 66.83906611705378, "max test acc": 66.84509005791588, "_wandb": {"runtime": 218}}