{"loss": 5953.72607421875, "loss_reg": 0.7641752362251282, "_timestamp": 1716048150.285739, "_runtime": 41.86447191238403, "_step": 5, "_wandb": {"runtime": 44}}