{"loss": 0.5466681718826294, "_timestamp": 1716150746.7454784, "_runtime": 4127.949284315109, "_step": 51358, "test acc": 0.7606415748596191, "max acc": 0.7606415748596191, "_wandb": {"runtime": 4127}}