{"loss": 0.5434628129005432, "_timestamp": 1716150024.772554, "_runtime": 3405.9763598442078, "_step": 35975, "test acc": 0.7606415748596191, "max acc": 0.7606415748596191}