{"loss": 1.6307166814804077, "_timestamp": 1711450932.9318006, "_runtime": 2844.2601137161255, "_step": 32542, "train acc": 53.19564954369469, "test acc": 52.92892610345688, "_wandb": {"runtime": 2844}}