{"loss": 0.38205957412719727, "_timestamp": 1715864124.0420525, "_runtime": 62.4217574596405, "_step": 15599, "test acc": 0.8280896544456482, "max acc": 0.8290150165557861, "_wandb": {"runtime": 118}}