{"loss": 1.4735616445541382, "_timestamp": 1708862231.2787817, "_runtime": 3097.135191679001, "_step": 34799, "train acc": 68.0421202425729, "test acc": 67.92846886829396, "test total acc": 69.19979736708794, "_wandb": {"runtime": 3096}}