{"loss": 1.4754503965377808, "_timestamp": 1708863733.383981, "_runtime": 3227.1530039310455, "_step": 34799, "train acc": 68.46032513736203, "test acc": 68.43169588613088, "test total acc": 69.14861737726206, "_wandb": {"runtime": 3226}}