{"loss": 1.535740852355957, "_timestamp": 1700934059.812919, "_runtime": 486.1263589859009, "_step": 11699, "train acc": 64.39505912162163, "test acc": 65.35582135788658, "_wandb": {"runtime": 485}}