{"loss": 1.51151704788208, "_timestamp": 1712400330.064118, "_runtime": 560.1794068813324, "_step": 9399, "train acc": 64.51831859546704, "test acc": 65.1928091357366, "max test acc": 65.90277359448551, "_wandb": {"runtime": 559}}