{"loss": 1.594583511352539, "_timestamp": 1699018903.7915988, "_runtime": 511.42169880867004, "_step": 3694, "train acc": 55.904343698077376, "test acc": 56.2945914844649, "test total acc": 45.64406030545597, "_wandb": {"runtime": 510}}