{"loss": 1.494387149810791, "_timestamp": 1708774625.5165517, "_runtime": 1066.0738806724548, "_step": 4199, "train acc": 65.81534160250294, "test acc": 64.7104380001721, "test total acc": 64.7104380001721, "_wandb": {"runtime": 1065}}