{"loss": 1.5150630474090576, "_timestamp": 1712323339.85706, "_runtime": 983.519150018692, "_step": 11599, "train acc": 64.65267011197244, "test acc": 64.76941214942815, "max test acc": 64.76941214942815, "_wandb": {"runtime": 982}}