{"loss": 0.0014286832809448243, "_timestamp": 1698917801.980412, "_runtime": 142.65321397781372, "_step": 8104, "_wandb": {"runtime": 141}}