{"loss": 1.6679835319519043, "_timestamp": 1709038439.2520285, "_runtime": 131.40368938446045, "_step": 251, "train acc": 49.45081767146693, "test acc": 51.33276010318143, "test total acc": 51.33276010318143, "_wandb": {"runtime": 130}}