{"loss": 3.488304615020752, "loss_reg": 1.1070902347564697, "_timestamp": 1715081068.1222622, "_runtime": 56.28735423088074, "_step": 248, "_wandb": {"runtime": 58}}