{"loss": 1.9233351945877075, "loss_reg": 0.03809073939919472, "_timestamp": 1698349867.166951, "_runtime": 95.44377899169922, "_step": 58, "_wandb": {"runtime": 94}}