{"loss": 1.4298925399780273, "loss_reg": 0.8017061948776245, "_timestamp": 1715605457.3576267, "_runtime": 69.71069073677063, "_step": 48, "_wandb": {"runtime": 87}}