{"loss": 0.41573649644851685, "_timestamp": 1715611697.3131099, "_runtime": 62.45232391357422, "_step": 4219, "test acc": 0.8132799863815308, "max acc": 0.8137999773025513, "_wandb": {"runtime": 61}}