{"loss": 0.8532140851020813, "_timestamp": 1715533469.2846184, "_runtime": 69.52492928504944, "_step": 5775, "test acc": 0.7710261344909668, "max acc": 0.8080403208732605, "_wandb": {"runtime": 68}}