{"loss": 7851882.5, "_timestamp": 1715809539.9810035, "_runtime": 27.758532524108887, "_step": 10575, "test acc": 0.0, "max acc": 0, "_wandb": {"runtime": 156}}