{"loss": 1.563515305519104, "_timestamp": 1698933529.6664398, "_runtime": 181.09434580802917, "_step": 2599, "test acc": 57.5, "epoch": 199, "_wandb": {"runtime": 179}}