{"loss": 156926.453125, "loss_reg": 156924.75, "_timestamp": 1698659269.171871, "_runtime": 27.38083505630493, "_step": 11, "_wandb": {"runtime": 28}}