{"loss": 0.34424787759780884, "_timestamp": 1715865788.064088, "_runtime": 61.63562607765198, "_step": 15599, "test acc": 0.8300431966781616, "max acc": 0.8312770128250122, "_wandb": {"runtime": 117}}