{"loss": 1.4904223680496216, "_timestamp": 1699177647.732642, "_runtime": 479.0123779773712, "_step": 2138, "train acc": 67.03796569552, "test acc": 66.72403407624128, "test total acc": 66.72403407624128, "_wandb": {"runtime": 478}}