{"loss": 1.9142045974731445, "loss_reg": 0.04023856669664383, "_timestamp": 1698347643.4630117, "_runtime": 95.17529678344727, "_step": 58, "_wandb": {"runtime": 94}}