{"loss": 1.6850961446762085, "_timestamp": 1712145702.5914474, "_runtime": 86.52916026115417, "_step": 916, "train acc": 48.79150390625, "test acc": 48.621808387046805, "max test acc": 48.621808387046805, "_wandb": {"runtime": 89}}