{"loss": 0.0016928005497902632, "loss_reg": 1.9299958944320679, "_timestamp": 1699593716.5856876, "_runtime": 776.5123157501221, "_step": 172, "_wandb": {"runtime": 3336}}