{"loss": 0.3665066957473755, "_timestamp": 1715716852.4296274, "_runtime": 287.21141052246094, "_step": 23399, "test acc": 0.827678382396698, "max acc": 0.8312770128250122, "_wandb": {"runtime": 344}}