{"loss": 0.4187229871749878, "_timestamp": 1715619578.2206013, "_runtime": 649.2402062416077, "_step": 11654, "test acc": 0.7025399804115295, "max acc": 0.7399600148200989, "_wandb": {"runtime": 728}}