{"loss": 0.3257639706134796, "_timestamp": 1716134143.5151005, "_runtime": 53.579262495040894, "_step": 7807, "test acc": 0.8104050755500793, "max acc": 0.8136952519416809, "_wandb": {"runtime": 56}}