{"loss": 1.4511094093322754, "_timestamp": 1708859551.2765646, "_runtime": 1709.650978565216, "_step": 34799, "train acc": 69.64399583184286, "test acc": 69.85562922114133, "test total acc": 61.479429259311715, "_wandb": {"runtime": 1708}}