{"loss": 2.20534610748291, "loss_reg": 0.5277078747749329, "_timestamp": 1703909713.665937, "_runtime": 68.88612294197083, "_step": 44, "_wandb": {"runtime": 156}}