{"loss": 0.5465351939201355, "_timestamp": 1716059440.590828, "_runtime": 12.605510950088501, "_step": 769, "test acc": 0.7606415748596191, "max acc": 0.7606415748596191, "_wandb": {"runtime": 11}}