{"loss": 0.35660743713378906, "_timestamp": 1716135346.5128486, "_runtime": 94.19964671134949, "_step": 15475, "test acc": 0.8174994587898254, "max acc": 0.817602276802063, "_wandb": {"runtime": 98}}