{"loss": 1.5247946977615356, "_timestamp": 1700994024.3155472, "_runtime": 617.2969841957092, "_step": 3899, "train acc": 65.45395660153298, "test acc": 65.11487823767318, "_wandb": {"runtime": 616}}