{"loss": 0.4475869834423065, "_timestamp": 1716127999.2043319, "_runtime": 142.81475687026978, "_step": 11714, "test acc": 0.7261599898338318, "max acc": 0.741379976272583, "_wandb": {"runtime": 200}}