{"loss": 11.586759567260742, "loss_reg": 9.870526313781738, "_timestamp": 1698348169.1173599, "_runtime": 96.96896982192993, "_step": 58, "_wandb": {"runtime": 95}}