{"loss": 0.36471807956695557, "_timestamp": 1716135351.4545584, "_runtime": 93.45798230171204, "_step": 15554, "test acc": 0.8137980699539185, "max acc": 0.8168826103210449, "_wandb": {"runtime": 96}}