{"loss": 1.6694023609161377, "_timestamp": 1699181756.4580054, "_runtime": 88.24024438858032, "_step": 417, "train acc": 48.60400923118693, "test acc": 48.600754452144926, "test total acc": 49.040767386091126, "_wandb": {"runtime": 87}}