{"loss": 1.570099949836731, "_timestamp": 1698933651.7685905, "_runtime": 201.34219241142273, "_step": 2599, "test acc": 59.53970080552359, "epoch": 199, "_wandb": {"runtime": 200}}