{"loss": 0.6499398946762085, "_timestamp": 1716132770.3813002, "_runtime": 924.2066221237183, "_step": 14999, "test acc": 0.7017999887466431, "max acc": 0.7019000053405762, "_wandb": {"runtime": 923}}