{"loss": 59.31637954711914, "loss_reg": 57.358192443847656, "_timestamp": 1698741892.3674495, "_runtime": 91.5014796257019, "_step": 52, "_wandb": {"runtime": 91}}