{"loss": 1.1518430709838867, "_timestamp": 1715530885.5609236, "_runtime": 93.6109344959259, "_step": 7699, "test acc": 0.7606415748596191, "max acc": 0.7606415748596191, "_wandb": {"runtime": 92}}