{"loss": 0.5508978962898254, "loss_reg": 7.947735786437988, "_timestamp": 1715862883.5475218, "_runtime": 44.06289577484131, "_step": 99, "_wandb": {"runtime": 56}}