{"loss": 6.934752941131592, "loss_reg": 5.090559482574463, "_timestamp": 1698742738.0869668, "_runtime": 191.22853779792786, "_step": 111, "_wandb": {"runtime": 191}}