{"loss": 1.4406828880310059, "_timestamp": 1698921277.608804, "_runtime": 287.2326490879059, "_step": 2599, "test acc": 67.74333217873225, "epoch": 199, "_wandb": {"runtime": 287}}