{"loss": 0.46712610125541687, "_timestamp": 1715620389.5718565, "_runtime": 699.9598574638367, "_step": 12704, "test acc": 0.707319974899292, "max acc": 0.7078800201416016, "_wandb": {"runtime": 736}}