{"loss": 1.6633459329605103, "_timestamp": 1709042797.289109, "_runtime": 259.8521959781647, "_step": 491, "train acc": 50.3539175006102, "test acc": 48.58125537403267, "test total acc": 48.58125537403267, "_wandb": {"runtime": 259}}