{"loss": 8.78360366821289, "loss_reg": 6.855820655822754, "_timestamp": 1698660077.461323, "_runtime": 61.94512104988098, "_step": 29, "_wandb": {"runtime": 61}}