{"loss": 722.1914672851562, "loss_reg": 720.2625122070312, "_timestamp": 1698742129.001429, "_runtime": 69.93782806396484, "_step": 36, "_wandb": {"runtime": 69}}