{"loss": 1.5134681463241577, "_timestamp": 1708860571.777753, "_runtime": 2884.025181055069, "_step": 34799, "train acc": 66.86484073422442, "test acc": 66.85011195044885, "test total acc": 65.14645193759436, "_wandb": {"runtime": 2883}}