{"loss": 1.5148271322250366, "_timestamp": 1708860135.4107459, "_runtime": 123.94691777229309, "_step": 1263, "train acc": 64.7052495697074, "test acc": 63.71036846615253, "test total acc": 35.99969913080288, "_wandb": {"runtime": 127}}