{"loss": 1.6174918413162231, "_timestamp": 1711448809.0010781, "_runtime": 2567.610794067383, "_step": 34499, "train acc": 53.09540064988938, "test acc": 52.870407820796366, "_wandb": {"runtime": 2566}}