{"loss": 1.5315581560134888, "_timestamp": 1698992561.6772373, "_runtime": 257.4742863178253, "_step": 2599, "test acc": 64.444059577416, "epoch": 199, "_wandb": {"runtime": 256}}