{"loss": 1.5583893060684204, "_timestamp": 1698990272.6219108, "_runtime": 163.79500675201416, "_step": 2599, "test acc": 59.03337169159954, "epoch": 199, "_wandb": {"runtime": 162}}