{"loss": 1.6614658832550049, "_timestamp": 1698992718.725598, "_runtime": 22.293604135513306, "_step": 231, "test acc": 49.59300311742293, "epoch": 16, "_wandb": {"runtime": 21}}