{"loss": 1.5069559812545776, "_timestamp": 1712154876.460695, "_runtime": 271.32432293891907, "_step": 4288, "train acc": 65.64358061393806, "test acc": 65.67128215278436, "max test acc": 65.8425341858644, "_wandb": {"runtime": 270}}