{"loss": 0.6356251835823059, "_timestamp": 1715598812.9594681, "_runtime": 42.040311098098755, "_step": 905, "test acc": 0.661300003528595, "max acc": 0.661300003528595, "_wandb": {"runtime": 41}}