{"loss": 2.1785318851470947, "loss_reg": 0.5243829488754272, "_timestamp": 1707752115.659884, "_runtime": 76.03711485862732, "_step": 56}