{"loss": 1.4994471073150635, "_timestamp": 1712255772.8114018, "_runtime": 804.2075879573822, "_step": 11599, "train acc": 66.63893978152655, "test acc": 66.67469858781615, "max test acc": 67.05937024001102, "_wandb": {"runtime": 803}}