{"loss": 0.5523082613945007, "_timestamp": 1715530701.3074334, "_runtime": 87.33443427085876, "_step": 7699, "test acc": 0.7606415748596191, "max acc": 0.7606415748596191, "_wandb": {"runtime": 86}}