{"loss": 0.5788127183914185, "_timestamp": 1716130725.1646242, "_runtime": 1028.7627782821655, "_step": 15649, "test acc": 0.6949399709701538, "max acc": 0.6951199769973755, "_wandb": {"runtime": 1028}}