{"loss": 0.8444762229919434, "_timestamp": 1715532031.1127274, "_runtime": 233.0116424560547, "_step": 23099, "test acc": 0.758173942565918, "max acc": 0.8208924531936646, "_wandb": {"runtime": 231}}