{"loss": NaN, "loss_reg": NaN, "_timestamp": 1700853000.184836, "_runtime": 270.1358017921448, "_step": 228, "_wandb": {"runtime": 269}}