{"loss": 1.5276601314544678, "_timestamp": 1699005307.2717378, "_runtime": 1156.7822487354279, "_step": 8399, "train acc": 64.12888677901732, "test acc": 63.7054085155351, "test total acc": 55.227618720227866, "_wandb": {"runtime": 1155}}