{"loss": 1.5550824403762817, "_timestamp": 1711459481.553541, "_runtime": 330.98151993751526, "_step": 4099, "train acc": 61.0927483974359, "test acc": 48.621808387046805, "_wandb": {"runtime": 330}}