{"loss": 0.36531898379325867, "_timestamp": 1716135561.453344, "_runtime": 101.99537801742554, "_step": 15475, "test acc": 0.8206868171691895, "max acc": 0.8244910836219788, "_wandb": {"runtime": 106}}