{"loss": 1.5294109582901, "_timestamp": 1698991318.8619509, "_runtime": 251.35431289672852, "_step": 2599, "test acc": 64.09767925181849, "epoch": 199, "_wandb": {"runtime": 250}}