{"loss": 1.4836612939834595, "_timestamp": 1708870474.7993617, "_runtime": 6125.225990772247, "_step": 69599, "train acc": 68.11303841049683, "test acc": 68.28463274097004, "test total acc": 71.56889190060461, "_wandb": {"runtime": 6124}}