{"loss": 3.489081859588623, "loss_reg": 1.8706942796707153, "_timestamp": 1698743692.3622553, "_runtime": 926.191739320755, "_step": 578, "_wandb": {"runtime": 1416}}