{"loss": 1.5197504758834839, "_timestamp": 1700991478.9160504, "_runtime": 564.6780755519867, "_step": 3899, "train acc": 64.8751659457839, "test acc": 65.03743223474744, "_wandb": {"runtime": 563}}