{"loss": 1.5193506479263306, "_timestamp": 1712400200.5301256, "_runtime": 478.3064925670624, "_step": 8133, "train acc": 65.0947265625, "test acc": 64.56373759713604, "max test acc": 65.26165417416074, "_wandb": {"runtime": 477}}