{"loss": 0.7573913335800171, "loss_reg": 0.0909336656332016, "_timestamp": 1715717660.1803575, "_runtime": 77.66568756103516, "_step": 68, "_wandb": {"runtime": 77}}