{"loss": 0.8525455594062805, "loss_reg": 0.15171955525875092, "_timestamp": 1715694277.2202659, "_runtime": 72.01853275299072, "_step": 11, "_wandb": {"runtime": 73}}