{"loss": 1.6483427286148071, "_timestamp": 1712311151.6674705, "_runtime": 647.2246124744415, "_step": 9364, "train acc": 51.940548058712125, "test acc": 48.621808387046805, "max test acc": 48.621808387046805, "_wandb": {"runtime": 646}}