{"loss": 1.4795113801956177, "_timestamp": 1708774299.1213708, "_runtime": 171.49067378044128, "_step": 4547, "train acc": 64.76907520593558, "test acc": 64.92431348588246, "_wandb": {"runtime": 175}}