{"loss": 1.2976229190826416, "loss_reg": 0.7046555280685425, "_timestamp": 1715617610.881623, "_runtime": 188.87190508842468, "_step": 98, "_wandb": {"runtime": 374}}