{"loss": 0.5606147646903992, "_timestamp": 1716140146.3570178, "_runtime": 2672.5438146591187, "_step": 51358, "test acc": 0.7606415748596191, "max acc": 0.7606415748596191, "_wandb": {"runtime": 2671}}