{"loss": 1.657608151435852, "_timestamp": 1709039468.6190317, "_runtime": 336.2859146595001, "_step": 516, "train acc": 50.48828125, "test acc": 48.15133276010318, "_wandb": {"runtime": 335}}