{"loss": 4251.72314453125, "loss_reg": 2624.55517578125, "_timestamp": 1698340287.694773, "_runtime": 65.43460488319397, "_step": 55, "_wandb": {"runtime": 65}}