{"loss": 1.5221372842788696, "_timestamp": 1712578484.8410144, "_runtime": 648.8467354774475, "_step": 10299, "train acc": 64.989501953125, "test acc": 63.62916620052839, "max test acc": 64.67819247351618, "_wandb": {"runtime": 648}}