{"loss": 0.40801796317100525, "_timestamp": 1715787204.5447886, "_runtime": 159.11366057395935, "_step": 11743, "test acc": 0.8190199732780457, "max acc": 0.8216599822044373, "_wandb": {"runtime": 218}}