{"loss": 1.666967511177063, "_timestamp": 1712153697.6215124, "_runtime": 321.3770844936371, "_step": 4636, "train acc": 48.79485273783186, "test acc": 48.621808387046805, "max test acc": 48.621808387046805, "_wandb": {"runtime": 322}}