{"loss": 1.1717228889465332, "loss_reg": 1.1664488315582275, "_timestamp": 1715087309.7361608, "_runtime": 69.07141184806824, "_step": 248, "_wandb": {"runtime": 190}}