{"loss": 1.6118825674057007, "_timestamp": 1699004090.8803005, "_runtime": 94.29506254196167, "_step": 670, "train acc": 55.95181580821267, "test acc": 56.1795166858458, "test total acc": 45.631783136080145, "_wandb": {"runtime": 93}}