{"loss": 0.609198808670044, "_timestamp": 1715862749.4679213, "_runtime": 21.34105134010315, "_step": 32, "_wandb": {"runtime": 20}}