{"loss": 46.150272369384766, "loss_reg": 44.51629638671875, "_timestamp": 1698349090.8606102, "_runtime": 52.973225355148315, "_step": 30, "_wandb": {"runtime": 53}}