{"loss": 0.5325103998184204, "_timestamp": 1716063497.5330048, "_runtime": 3003.7640306949615, "_step": 76999, "test acc": 0.760230302810669, "max acc": 0.7606415748596191, "_wandb": {"runtime": 3003}}