{"loss": 1.675918698310852, "_timestamp": 1700918938.1837468, "_runtime": 603.4114599227905, "_step": 2699, "train acc": 48.936244419642854, "test acc": 48.79958695465106, "_wandb": {"runtime": 602}}