{"loss": 0.4380277991294861, "_timestamp": 1715617361.572158, "_runtime": 616.9562180042267, "_step": 9242, "test acc": 0.7397599816322327, "max acc": 0.7412599921226501, "_wandb": {"runtime": 616}}