{"loss": 1.4944744110107422, "_timestamp": 1699610378.8432932, "_runtime": 4221.433863162994, "_step": 4199, "train acc": 66.80941709011029, "test acc": 66.7068238533689, "test total acc": 66.7068238533689, "_wandb": {"runtime": 4219}}