{"loss": 1.310935616493225, "loss_reg": 0.7330451011657715, "_timestamp": 1715679494.75934, "_runtime": 109.59778499603271, "_step": 78, "_wandb": {"runtime": 109}}