{"loss": 2.0848450660705566, "loss_reg": 0.46559467911720276, "_timestamp": 1699602476.0360513, "_runtime": 2468.711855173111, "_step": 288, "_wandb": {"runtime": 5765}}