{"loss": 1.5120697021484375, "_timestamp": 1700730129.457073, "_runtime": 524.6616790294647, "_step": 2799, "train acc": 66.71658296088098, "test acc": 66.6636891469406, "test total acc": 66.60412757973734, "_wandb": {"runtime": 523}}