{"loss": 68.0534439086914, "loss_reg": 0.10299601405858994, "_timestamp": 1715717829.0171843, "_runtime": 55.01743721961975, "_step": 29, "_wandb": {"runtime": 81}}