{"loss": 0.6844818592071533, "_timestamp": 1715969959.3858376, "_runtime": 4.527860641479492, "_step": 0, "_wandb": {"runtime": 3}}