{"loss": 0.6665447950363159, "_timestamp": 1716130602.4679823, "_runtime": 969.1707363128662, "_step": 15649, "test acc": 0.702019989490509, "max acc": 0.7025799751281738, "_wandb": {"runtime": 968}}