{"loss": 0.5234785676002502, "loss_reg": 0.0849621370434761, "_timestamp": 1715863530.040615, "_runtime": 47.595065116882324, "_step": 303, "_wandb": {"runtime": 928}}