{"loss": 1.6442452669143677, "loss_reg": 1.083598017692566, "_timestamp": 1715605247.1594112, "_runtime": 246.89723420143127, "_step": 191, "_wandb": {"runtime": 246}}