{"loss": 1.502117395401001, "_timestamp": 1699613336.2771485, "_runtime": 1850.0034544467926, "_step": 2599, "train acc": 66.4639559659091, "test acc": 66.72403407624128, "_wandb": {"runtime": 1848}}