{"loss": 1.4631378650665283, "_timestamp": 1699626703.439762, "_runtime": 2578.652820110321, "_step": 2799, "train acc": 74.72598323662153, "test acc": 69.42355889724311, "test total acc": 54.97274722163233, "_wandb": {"runtime": 2576}}