{"loss": 1.6654222011566162, "_timestamp": 1698933220.3172908, "_runtime": 177.94195985794067, "_step": 2599, "test acc": 70.0, "epoch": 199, "_wandb": {"runtime": 176}}