{"loss": 0.6680992245674133, "loss_reg": 0.0791509598493576, "_timestamp": 1715865504.9982085, "_runtime": 26.536937475204468, "_step": 30, "_wandb": {"runtime": 110}}