{"loss": 1.674802303314209, "_timestamp": 1700909778.298576, "_runtime": 297.23348212242126, "_step": 1486, "train acc": 48.642578125, "test acc": 48.79958695465106, "_wandb": {"runtime": 296}}