{"loss": 1.685684323310852, "_timestamp": 1699616921.258652, "_runtime": 214.24102187156677, "_step": 309, "train acc": 48.6328125, "test acc": 48.79958695465106, "_wandb": {"runtime": 215}}