{"loss": 1.6735687255859375, "_timestamp": 1700910892.564837, "_runtime": 159.73760390281677, "_step": 837, "train acc": 48.65966796875, "test acc": 48.79958695465106, "_wandb": {"runtime": 159}}