{"loss": 0.7990686893463135, "loss_reg": 0.1214827299118042, "_timestamp": 1715714780.80136, "_runtime": 40.551673889160156, "_step": 29, "_wandb": {"runtime": 48}}