{"loss": 0.38248512148857117, "_timestamp": 1715611600.4922168, "_runtime": 402.1979489326477, "_step": 31367, "test acc": 0.827459990978241, "max acc": 0.8283799886703491, "_wandb": {"runtime": 401}}