{"loss": 2.1557981967926025, "loss_reg": 0.48472079634666443, "_timestamp": 1712312247.5264876, "_runtime": 193.65310168266296, "_step": 268, "_wandb": {"runtime": 193}}