{"loss": 0.5066349506378174, "_timestamp": 1716063512.8944418, "_runtime": 3045.808802843094, "_step": 76999, "test acc": 0.7606415748596191, "max acc": 0.7607443928718567, "_wandb": {"runtime": 3044}}