{"loss": 1.5224193334579468, "_timestamp": 1707811330.9878798, "_runtime": 206.9834907054901, "_step": 4699, "train acc": 64.85110990795886, "test acc": 65.36442646932278, "_wandb": {"runtime": 206}}