{"loss": 0.7498387694358826, "loss_reg": 0.09355605393648148, "_timestamp": 1715519330.3191955, "_runtime": 82.28199052810669, "_step": 74, "_wandb": {"runtime": 96}}