{"loss": 0.0019482516217976809, "loss_reg": 1.8033735752105713, "_timestamp": 1699345432.9973092, "_runtime": 55.28001618385315, "_step": 0, "_wandb": {"runtime": 54}}