{"loss": 1.4997040033340454, "_timestamp": 1712399026.0745447, "_runtime": 431.7560076713562, "_step": 6999, "train acc": 65.8505567863806, "test acc": 65.01811485073534, "max test acc": 65.13256972711548, "_wandb": {"runtime": 430}}