{"loss": 1.9735960960388184, "loss_reg": 0.31544214487075806, "_timestamp": 1712055944.940546, "_runtime": 577.8026421070099, "_step": 451, "_wandb": {"runtime": 6047}}