{"loss": 1.4595756530761719, "_timestamp": 1700949561.3971992, "_runtime": 3741.4072852134705, "_step": 93999, "train acc": 70.01736111111111, "test acc": 69.64977196454694, "_wandb": {"runtime": 3740}}