{"loss": 0.5986914038658142, "_timestamp": 1715592610.393318, "_runtime": 558.3375809192657, "_step": 14999, "test acc": 0.6991400122642517, "max acc": 0.6991400122642517, "_wandb": {"runtime": 557}}