{"loss": 1.5249794721603394, "_timestamp": 1700992833.1350868, "_runtime": 573.7649388313293, "_step": 3899, "train acc": 64.8503470058658, "test acc": 65.2181395749075, "_wandb": {"runtime": 572}}