{"loss": 0.6180863380432129, "_timestamp": 1715973375.6125116, "_runtime": 451.7310426235199, "_step": 15649, "test acc": 0.6993799805641174, "max acc": 0.6993799805641174, "_wandb": {"runtime": 451}}