{"loss": 1.836291790008545, "loss_reg": 0.15219569206237793, "_timestamp": 1699108505.1896665, "_runtime": 287.0915434360504, "_step": 172, "_wandb": {"runtime": 526}}