{"loss": 1.4951990842819214, "_timestamp": 1699179162.5300941, "_runtime": 283.1911110877991, "_step": 1399, "train acc": 66.48323607073912, "test acc": 66.73263918767748, "test total acc": 66.73263918767748, "_wandb": {"runtime": 282}}