{"loss": 1.764454960823059, "loss_reg": 0.22082693874835968, "_timestamp": 1707836062.8331945, "_runtime": 676.218412399292, "_step": 578, "_wandb": {"runtime": 66710}}