{"loss": 1.689346432685852, "_timestamp": 1711451563.395576, "_runtime": 380.68398904800415, "_step": 6122, "train acc": 48.79398852323009, "test acc": 48.621808387046805, "_wandb": {"runtime": 380}}