{"loss": 1.8617112636566162, "loss_reg": 0.1790640503168106, "_timestamp": 1699110412.2403169, "_runtime": 280.42372393608093, "_step": 172, "_wandb": {"runtime": 300}}