{"loss": 2.1812407970428467, "loss_reg": 0.5420839786529541, "_timestamp": 1700853811.3244817, "_runtime": 270.5750026702881, "_step": 228, "_wandb": {"runtime": 269}}