{"loss": 0.7449913024902344, "loss_reg": 0.088918536901474, "_timestamp": 1715712860.589261, "_runtime": 90.91904211044312, "_step": 99, "_wandb": {"runtime": 686}}