{"loss": 0.4164298176765442, "_timestamp": 1715787223.674758, "_runtime": 159.27018094062805, "_step": 11514, "test acc": 0.819320023059845, "max acc": 0.8197399973869324, "_wandb": {"runtime": 248}}