{"loss": 1.6498141288757324, "_timestamp": 1712309977.8374324, "_runtime": 656.2758994102478, "_step": 10199, "train acc": 51.940548058712125, "test acc": 48.621808387046805, "max test acc": 48.621808387046805, "_wandb": {"runtime": 655}}