{"loss": 0.4602782428264618, "_timestamp": 1715787639.4411008, "_runtime": 149.48149275779724, "_step": 12704, "test acc": 0.7033600211143494, "max acc": 0.7071999907493591, "_wandb": {"runtime": 168}}