{"loss": 1.4901671409606934, "_timestamp": 1712066081.2901464, "_runtime": 2532.2100174427032, "_step": 11599, "train acc": 66.50779521570796, "test acc": 66.51377331049973, "max test acc": 66.59466623064809, "_wandb": {"runtime": 2530}}