{"loss": 1.6737403869628906, "_timestamp": 1708694742.5400395, "_runtime": 2964.305723428726, "_step": 34499, "train acc": 48.799173810840706, "test acc": 48.621808387046805, "_wandb": {"runtime": 2963}}