{"loss": 1.514901876449585, "_timestamp": 1712316816.4928465, "_runtime": 824.1501383781433, "_step": 10299, "train acc": 64.9697265625, "test acc": 63.658425341858646, "max test acc": 64.82620930612806, "_wandb": {"runtime": 823}}