{"loss": NaN, "loss_reg": NaN, "_timestamp": 1712252172.834525, "_runtime": 674.2213051319122, "_step": 905, "_wandb": {"runtime": 853}}