{"loss": 1.521461009979248, "_timestamp": 1699349575.8086257, "_runtime": 1270.623684644699, "_step": 1399, "train acc": 63.89819601926021, "test acc": 64.42646932277773, "test total acc": 64.42646932277773, "_wandb": {"runtime": 1268}}