{"loss": 0.5219205617904663, "_timestamp": 1716137427.6220176, "_runtime": 95.83638453483582, "_step": 2514, "test acc": 0.7606415748596191, "max acc": 0.7606415748596191, "_wandb": {"runtime": 95}}