{"loss": 0.40251773595809937, "_timestamp": 1715783209.5092733, "_runtime": 333.92733430862427, "_step": 11654, "test acc": 0.7132400274276733, "max acc": 0.736299991607666, "_wandb": {"runtime": 402}}