{"loss": 0.38335371017456055, "_timestamp": 1715865004.8142674, "_runtime": 61.250070333480835, "_step": 14599, "test acc": 0.8268558382987976, "max acc": 0.8294262886047363, "_wandb": {"runtime": 116}}