{"loss": 1.4867727756500244, "_timestamp": 1712579636.5791316, "_runtime": 830.2584655284882, "_step": 11599, "train acc": 67.18274681969027, "test acc": 67.16780117552904, "max test acc": 67.51374749361032, "_wandb": {"runtime": 829}}