{"loss": 0.6803734302520752, "_timestamp": 1716132738.5964427, "_runtime": 910.3780567646027, "_step": 14999, "test acc": 0.7285199761390686, "max acc": 0.7396000027656555, "_wandb": {"runtime": 909}}