{"loss": 0.796448290348053, "loss_reg": 0.09508482366800308, "_timestamp": 1715520164.4433591, "_runtime": 81.97355914115906, "_step": 74, "_wandb": {"runtime": 448}}