{"loss": 0.42532879114151, "_timestamp": 1715714649.1626685, "_runtime": 228.90300250053406, "_step": 7799, "test acc": 0.8302488327026367, "max acc": 0.8314826488494873, "_wandb": {"runtime": 285}}