{"loss": 1.4783847332000732, "_timestamp": 1700935570.4848905, "_runtime": 1690.2596323490143, "_step": 41999, "train acc": 67.6806640625, "test acc": 66.31098872730402, "_wandb": {"runtime": 1689}}