{"loss": 6.936222553253174, "loss_reg": 0.09301013499498367, "_timestamp": 1715519501.3171816, "_runtime": 81.91252946853638, "_step": 74, "_wandb": {"runtime": 83}}