{"loss": 1.4994450807571411, "_timestamp": 1700946905.740277, "_runtime": 3533.3304591178894, "_step": 77999, "train acc": 68.44911317567568, "test acc": 68.34179502624559, "_wandb": {"runtime": 3532}}