{"loss": 1.6546982526779175, "_timestamp": 1712311634.5259578, "_runtime": 45.389187812805176, "_step": 3006, "train acc": 50.43819525761124, "test acc": 48.621808387046805, "max test acc": 48.621808387046805, "_wandb": {"runtime": 46}}