{"loss": 1.526391625404358, "_timestamp": 1700754789.5363727, "_runtime": 2900.021270751953, "_step": 3899, "train acc": 64.86038450773967, "test acc": 65.15790379485415, "_wandb": {"runtime": 2898}}