{"loss": 1.7705456018447876, "loss_reg": 0.17062534391880035, "_timestamp": 1708688228.449397, "_runtime": 572.5264751911163, "_step": 462, "_wandb": {"runtime": 919}}