{"loss": 1.1168274879455566, "_timestamp": 1715546425.6848428, "_runtime": 138.19560885429382, "_step": 4999, "test acc": 0.6924200057983398, "max acc": 0.6924200057983398, "_wandb": {"runtime": 137}}