{"loss": 6.536328315734863, "loss_reg": 4.8284454345703125, "_timestamp": 1698344200.655812, "_runtime": 95.82759404182434, "_step": 58, "_wandb": {"runtime": 94}}