{"loss": 1.6684653759002686, "_timestamp": 1709034354.3324971, "_runtime": 2466.624058008194, "_step": 136499, "train acc": 48.788458885209714, "test acc": 48.621808387046805, "_wandb": {"runtime": 2465}}