{"loss": 0.4147646725177765, "_timestamp": 1715787703.1422536, "_runtime": 171.05566358566284, "_step": 11474, "test acc": 0.8207399845123291, "max acc": 0.8237599730491638, "_wandb": {"runtime": 275}}