{"loss": 1.49969482421875, "_timestamp": 1707808741.1524096, "_runtime": 227.91904854774475, "_step": 4699, "train acc": 65.65104166666667, "test acc": 65.72584114964289, "_wandb": {"runtime": 227}}