{"loss": 0.6840564608573914, "_timestamp": 1716132747.6952386, "_runtime": 906.1979746818542, "_step": 14999, "test acc": 0.7099599838256836, "max acc": 0.7163800001144409, "_wandb": {"runtime": 905}}