{"loss": 1.4956790208816528, "_timestamp": 1712312368.421927, "_runtime": 701.1290409564972, "_step": 11599, "train acc": 66.75884955752213, "test acc": 66.78829290121598, "max test acc": 67.11186458180941, "_wandb": {"runtime": 699}}