{"loss": 0.7068228721618652, "_timestamp": 1716131693.593697, "_runtime": 901.0904459953308, "_step": 14999, "test acc": 0.727840006351471, "max acc": 0.736739993095398, "_wandb": {"runtime": 900}}