{"loss": 1.6709345579147339, "_timestamp": 1712146015.2396421, "_runtime": 279.66400122642517, "_step": 3804, "train acc": 48.796299525669646, "test acc": 48.621808387046805, "max test acc": 48.621808387046805, "_wandb": {"runtime": 278}}