{"loss": 0.3767719566822052, "_timestamp": 1715598516.4582114, "_runtime": 3319.9184234142303, "_step": 199064, "test acc": 0.7512999773025513, "max acc": 0.7520800232887268, "_wandb": {"runtime": 3319}}