{"loss": 1.6016145944595337, "_timestamp": 1699005687.5246823, "_runtime": 127.907386302948, "_step": 823, "train acc": 54.912171330081776, "test acc": 54.173183563202045, "test total acc": 45.06905985187162, "_wandb": {"runtime": 132}}